09:21:02.200 [main] ERROR c.intuit.karate.core.FeatureParser - not a valid feature file: examples/gorest/comments.feature - mismatched input '<EOF>' expecting {FEATURE_TAGS, FEATURE}
09:24:33.132 [main] ERROR c.intuit.karate.core.FeatureParser - not a valid feature file: examples/gorest/comments.feature - mismatched input '<EOF>' expecting {FEATURE_TAGS, FEATURE}
09:26:21.422 [main] ERROR c.intuit.karate.core.FeatureParser - not a valid feature file: examples/gorest/comments.feature - mismatched input '<EOF>' expecting {FEATURE_TAGS, FEATURE}
09:29:04.794 [main] DEBUG com.intuit.karate.Suite - [config] classpath:karate-config.js
09:29:07.280 [pool-2-thread-2] INFO  com.intuit.karate - karate.env system property was: null 
09:29:07.280 [pool-2-thread-1] INFO  com.intuit.karate - karate.env system property was: null 
09:29:08.246 [pool-2-thread-1] DEBUG com.intuit.karate - request:
1 > GET https://gorest.co.in/public/v2/users
1 > Accept: application/json
1 > Content-Type: application/json
1 > Authorization: Bearer 587af75efde5f56f7b05bdf01877ca04490016ec9ffc5611020013e2f46df5e1
1 > Host: gorest.co.in
1 > Connection: Keep-Alive
1 > User-Agent: Apache-HttpClient/4.5.14 (Java/21.0.11)
1 > Accept-Encoding: gzip,deflate


09:29:08.246 [pool-2-thread-2] DEBUG com.intuit.karate - request:
1 > POST https://gorest.co.in/public/v2/users
1 > Accept: application/json
1 > Content-Type: application/json; charset=UTF-8
1 > Authorization: Bearer 587af75efde5f56f7b05bdf01877ca04490016ec9ffc5611020013e2f46df5e1
1 > Content-Length: 85
1 > Host: gorest.co.in
1 > Connection: Keep-Alive
1 > User-Agent: Apache-HttpClient/4.5.14 (Java/21.0.11)
1 > Accept-Encoding: gzip,deflate
{"gender":"male","status":"active","name":"Sheldon Rice","email":"evelyn85@test.com"}

09:29:10.470 [pool-2-thread-2] DEBUG com.intuit.karate - response time in milliseconds: 2218
1 < 201
1 < Date: Wed, 26 Aug 2026 13:29:09 GMT
1 < Content-Type: application/json; charset=utf-8
1 < Content-Length: 98
1 < Connection: keep-alive
1 < Cache-Control: max-age=0, private, must-revalidate
1 < content-security-policy-report-only: default-src 'self'; script-src 'self' https://pagead2.googlesyndication.com 'nonce-MpnlhnnQOZtVfZLQSv1b8w=='; style-src 'self' 'unsafe-inline' https://fonts.googleapis.com; img-src 'self' data: https:; font-src 'self' https://fonts.gstatic.com; connect-src 'self' https://pagead2.googlesyndication.com https://ep1.adtrafficquality.google; frame-src https://googleads.g.doubleclick.net https://ep2.adtrafficquality.google https://www.google.com; object-src 'none'; frame-ancestors 'none'; base-uri 'self'; form-action 'self'
1 < etag: W/"292daae8cac416febdfb7242360d3bc0"
1 < feature-policy: camera 'none'; gyroscope 'none'; microphone 'none'; usb 'none'; fullscreen 'self'
1 < location: https://gorest.co.in/public/v2/users/8593378
1 < referrer-policy: strict-origin-when-cross-origin
1 < strict-transport-security: max-age=63072000; includeSubDomains
1 < vary: Origin
1 < x-content-type-options: nosniff
1 < x-frame-options: SAMEORIGIN
1 < x-permitted-cross-domain-policies: none
1 < x-ratelimit-limit: 300
1 < x-ratelimit-remaining: 298
1 < x-ratelimit-reset: 0
1 < x-request-id: a973613a-26d5-4b61-a9fb-94d69dfc37fa
1 < x-runtime: 0.044296
1 < x-xss-protection: 0
1 < Nel: {"report_to":"cf-nel","success_fraction":0.0,"max_age":604800}
1 < cf-cache-status: DYNAMIC
1 < Report-To: {"group":"cf-nel","max_age":604800,"endpoints":[{"url":"https://a.nel.cloudflare.com/report/v4?s=eoXuXRtnyw3NBNi7JP%2FPxS%2FumeR0D8wAsKhnG%2Bs6iEGDpGzmHVgqO6HJliB6qk%2FXErdJl%2F%2BOCZSFI9IMoG0z%2FYjVGx3u7W8S%2FWkz34l4lh5GrsitJmvDRJIrEa9jTdU%3D"}]}
1 < Server: cloudflare
1 < CF-RAY: a3132f01ed0bf185-GRU
1 < alt-svc: h3=":443"; ma=86400
{"id":8593378,"name":"Sheldon Rice","email":"evelyn85@test.com","gender":"male","status":"active"}

09:29:10.470 [pool-2-thread-1] DEBUG com.intuit.karate - response time in milliseconds: 2220
1 < 200
1 < Date: Wed, 26 Aug 2026 13:29:09 GMT
1 < Content-Type: application/json; charset=utf-8
1 < Transfer-Encoding: chunked
1 < Connection: keep-alive
1 < Cache-Control: max-age=0, private, must-revalidate
1 < content-security-policy-report-only: default-src 'self'; script-src 'self' https://pagead2.googlesyndication.com 'nonce-5zRm5PZlq+vzxmJGFiIC+A=='; style-src 'self' 'unsafe-inline' https://fonts.googleapis.com; img-src 'self' data: https:; font-src 'self' https://fonts.gstatic.com; connect-src 'self' https://pagead2.googlesyndication.com https://ep1.adtrafficquality.google; frame-src https://googleads.g.doubleclick.net https://ep2.adtrafficquality.google https://www.google.com; object-src 'none'; frame-ancestors 'none'; base-uri 'self'; form-action 'self'
1 < etag: W/"b043011f45d05f5df54c2fbbc32b0809"
1 < feature-policy: camera 'none'; gyroscope 'none'; microphone 'none'; usb 'none'; fullscreen 'self'
1 < referrer-policy: strict-origin-when-cross-origin
1 < strict-transport-security: max-age=63072000; includeSubDomains
1 < vary: Origin
1 < x-content-type-options: nosniff
1 < x-frame-options: SAMEORIGIN
1 < x-links-current: https://gorest.co.in/public/v2/users?page=1
1 < x-links-next: https://gorest.co.in/public/v2/users?page=2
1 < x-links-previous: 
1 < x-pagination-limit: 10
1 < x-pagination-page: 1
1 < x-pagination-pages: 297
1 < x-pagination-total: 2964
1 < x-permitted-cross-domain-policies: none
1 < x-ratelimit-limit: 300
1 < x-ratelimit-remaining: 299
1 < x-ratelimit-reset: 0
1 < x-request-id: 1ddb8dc0-e526-4684-8dd8-8b98ee410e9b
1 < x-runtime: 0.042626
1 < x-xss-protection: 0
1 < Nel: {"report_to":"cf-nel","success_fraction":0.0,"max_age":604800}
1 < cf-cache-status: DYNAMIC
1 < Report-To: {"group":"cf-nel","max_age":604800,"endpoints":[{"url":"https://a.nel.cloudflare.com/report/v4?s=9oQGArdEc0wgelfEsZJgXZwvEwpu7GBba6tjs1vxgZrRUMy0u2vbmX6O84O8nQlGSNHoBYKo4GOi2KeaR6pC4JiXY0zddmqeRBTJ9AdTc4a0NCqZslxkY7wC5fQ7A3M%3D"}]}
1 < Server: cloudflare
1 < CF-RAY: a3132f01e873f1d5-GRU
1 < alt-svc: h3=":443"; ma=86400
[{"id":8593335,"name":"Akshainie Varman V","email":"v_akshainie_varman@bartoletti.example","gender":"female","status":"inactive"},{"id":8593334,"name":"Ambar Bhattacharya","email":"bhattacharya_ambar@nienow.test","gender":"female","status":"inactive"},{"id":8593332,"name":"Heema Marar","email":"marar_heema@hermiston.test","gender":"female","status":"active"},{"id":8593330,"name":"Manik Khatri","email":"manik_khatri@harris.example","gender":"male","status":"inactive"},{"id":8593329,"name":"Shrishti Patil III","email":"iii_patil_shrishti@hamill.test","gender":"female","status":"inactive"},{"id":8593328,"name":"Brajesh Joshi","email":"joshi_brajesh@swift.test","gender":"male","status":"active"},{"id":8593324,"name":"Bhadra Pilla","email":"pilla_bhadra@champlin.test","gender":"male","status":"active"},{"id":8593320,"name":"Vedang Nayar","email":"nayar_vedang@hahn.example","gender":"female","status":"active"},{"id":8593319,"name":"Vijay Sinha","email":"vijay_sinha@dach.example","gender":"male","status":"active"},{"id":8593318,"name":"Kanishka Kaul","email":"kaul_kanishka@weimann-hoppe.example","gender":"female","status":"inactive"}]

09:29:10.499 [pool-2-thread-2] DEBUG com.intuit.karate - request:
2 > GET https://gorest.co.in/public/v2/users/8593378
2 > Authorization: Bearer 587af75efde5f56f7b05bdf01877ca04490016ec9ffc5611020013e2f46df5e1
2 > Host: gorest.co.in
2 > Connection: Keep-Alive
2 > User-Agent: Apache-HttpClient/4.5.14 (Java/21.0.11)
2 > Accept-Encoding: gzip,deflate


09:29:12.227 [pool-2-thread-2] DEBUG com.intuit.karate - response time in milliseconds: 1727
2 < 200
2 < Date: Wed, 26 Aug 2026 13:29:11 GMT
2 < Content-Type: application/json; charset=utf-8
2 < Transfer-Encoding: chunked
2 < Connection: keep-alive
2 < Cache-Control: max-age=0, private, must-revalidate
2 < content-security-policy-report-only: default-src 'self'; script-src 'self' https://pagead2.googlesyndication.com 'nonce-oD7En5LFFLN7iQYeDDPR5A=='; style-src 'self' 'unsafe-inline' https://fonts.googleapis.com; img-src 'self' data: https:; font-src 'self' https://fonts.gstatic.com; connect-src 'self' https://pagead2.googlesyndication.com https://ep1.adtrafficquality.google; frame-src https://googleads.g.doubleclick.net https://ep2.adtrafficquality.google https://www.google.com; object-src 'none'; frame-ancestors 'none'; base-uri 'self'; form-action 'self'
2 < etag: W/"292daae8cac416febdfb7242360d3bc0"
2 < feature-policy: camera 'none'; gyroscope 'none'; microphone 'none'; usb 'none'; fullscreen 'self'
2 < referrer-policy: strict-origin-when-cross-origin
2 < strict-transport-security: max-age=63072000; includeSubDomains
2 < vary: Origin
2 < x-content-type-options: nosniff
2 < x-frame-options: SAMEORIGIN
2 < x-permitted-cross-domain-policies: none
2 < x-ratelimit-limit: 300
2 < x-ratelimit-remaining: 299
2 < x-ratelimit-reset: 0
2 < x-request-id: 08bd8b79-f080-496d-ac4b-eecfb6a42f60
2 < x-runtime: 0.027852
2 < x-xss-protection: 0
2 < Nel: {"report_to":"cf-nel","success_fraction":0.0,"max_age":604800}
2 < cf-cache-status: DYNAMIC
2 < Server-Timing: cfCacheStatus;desc="DYNAMIC"
2 < Server-Timing: cfEdge;dur=18,cfOrigin;dur=1187
2 < Report-To: {"group":"cf-nel","max_age":604800,"endpoints":[{"url":"https://a.nel.cloudflare.com/report/v4?s=UvL8R%2BOBebS0O0Kvi4irM%2BcMUCagAm941%2FZqLQZ9TTtkVxo7cCo63U7nB5twL4oJ6nWJevZp73haaUH7FyTGvYZ2k7PksmTcdkwLDZWScFH1l03%2B7l3JpRODmXt6ovU%3D"}]}
2 < Server: cloudflare
2 < CF-RAY: a3132f0d69400126-GRU
2 < alt-svc: h3=":443"; ma=86400
{"id":8593378,"name":"Sheldon Rice","email":"evelyn85@test.com","gender":"male","status":"active"}

09:29:12.258 [pool-2-thread-2] ERROR com.intuit.karate - classpath:examples/gorest/users.feature:35
And match response.email == paylaod.email
js failed:
>>>>
01: paylaod.email
<<<<
org.graalvm.polyglot.PolyglotException: ReferenceError: "paylaod" is not defined
- <js>.:program(Unnamed:1)

classpath:examples/gorest/users.feature:35
09:29:13.482 [pool-3-thread-1] INFO  com.intuit.karate.Suite - <<fail>> feature 1 of 1 (0 remaining) classpath:examples/gorest/users.feature
09:29:57.501 [main] DEBUG com.intuit.karate.Suite - [config] classpath:karate-config.js
09:29:57.514 [main] WARN  com.intuit.karate.Suite - failed to backup existing dir: target\karate-reports
09:29:59.145 [pool-2-thread-2] INFO  com.intuit.karate - karate.env system property was: null 
09:29:59.145 [pool-2-thread-1] INFO  com.intuit.karate - karate.env system property was: null 
09:29:59.947 [pool-2-thread-1] DEBUG com.intuit.karate - request:
1 > GET https://gorest.co.in/public/v2/users
1 > Accept: application/json
1 > Content-Type: application/json
1 > Authorization: Bearer 587af75efde5f56f7b05bdf01877ca04490016ec9ffc5611020013e2f46df5e1
1 > Host: gorest.co.in
1 > Connection: Keep-Alive
1 > User-Agent: Apache-HttpClient/4.5.14 (Java/21.0.11)
1 > Accept-Encoding: gzip,deflate


09:29:59.947 [pool-2-thread-2] DEBUG com.intuit.karate - request:
1 > POST https://gorest.co.in/public/v2/users
1 > Accept: application/json
1 > Content-Type: application/json; charset=UTF-8
1 > Authorization: Bearer 587af75efde5f56f7b05bdf01877ca04490016ec9ffc5611020013e2f46df5e1
1 > Content-Length: 84
1 > Host: gorest.co.in
1 > Connection: Keep-Alive
1 > User-Agent: Apache-HttpClient/4.5.14 (Java/21.0.11)
1 > Accept-Encoding: gzip,deflate
{"gender":"male","status":"active","name":"Qiana Tromp","email":"samuel80@test.com"}

09:30:01.476 [pool-2-thread-1] DEBUG com.intuit.karate - response time in milliseconds: 1522
1 < 200
1 < Date: Wed, 26 Aug 2026 13:30:00 GMT
1 < Content-Type: application/json; charset=utf-8
1 < Transfer-Encoding: chunked
1 < Connection: keep-alive
1 < Cache-Control: max-age=0, private, must-revalidate
1 < content-security-policy-report-only: default-src 'self'; script-src 'self' https://pagead2.googlesyndication.com 'nonce-yFFWmWY+gmLb6hgQLBGGzQ=='; style-src 'self' 'unsafe-inline' https://fonts.googleapis.com; img-src 'self' data: https:; font-src 'self' https://fonts.gstatic.com; connect-src 'self' https://pagead2.googlesyndication.com https://ep1.adtrafficquality.google; frame-src https://googleads.g.doubleclick.net https://ep2.adtrafficquality.google https://www.google.com; object-src 'none'; frame-ancestors 'none'; base-uri 'self'; form-action 'self'
1 < etag: W/"164c9dfff86ed01a596934273e65214e"
1 < feature-policy: camera 'none'; gyroscope 'none'; microphone 'none'; usb 'none'; fullscreen 'self'
1 < referrer-policy: strict-origin-when-cross-origin
1 < strict-transport-security: max-age=63072000; includeSubDomains
1 < vary: Origin
1 < x-content-type-options: nosniff
1 < x-frame-options: SAMEORIGIN
1 < x-links-current: https://gorest.co.in/public/v2/users?page=1
1 < x-links-next: https://gorest.co.in/public/v2/users?page=2
1 < x-links-previous: 
1 < x-pagination-limit: 10
1 < x-pagination-page: 1
1 < x-pagination-pages: 297
1 < x-pagination-total: 2964
1 < x-permitted-cross-domain-policies: none
1 < x-ratelimit-limit: 300
1 < x-ratelimit-remaining: 299
1 < x-ratelimit-reset: 0
1 < x-request-id: 748056cb-2566-4a24-882c-62e9461628a8
1 < x-runtime: 0.054453
1 < x-xss-protection: 0
1 < Nel: {"report_to":"cf-nel","success_fraction":0.0,"max_age":604800}
1 < cf-cache-status: DYNAMIC
1 < Report-To: {"group":"cf-nel","max_age":604800,"endpoints":[{"url":"https://a.nel.cloudflare.com/report/v4?s=bo%2FwWCxYoSRd0Iryw8EFdup1lfu9oyCzTIeCBougbJFqyg%2Fb%2FKQT8eKsvU%2BhBJp8XWAI4d6QTFMCbwd2mOSXXMsaCfTpX6kjeco%2BYcp7ELQmbHcbS3%2FV848zAWm9%2FXw%3D"}]}
1 < Server: cloudflare
1 < CF-RAY: a31330454e1500f2-GRU
1 < alt-svc: h3=":443"; ma=86400
[{"id":8593378,"name":"Sheldon Rice","email":"evelyn85@test.com","gender":"male","status":"active"},{"id":8593335,"name":"Akshainie Varman V","email":"v_akshainie_varman@bartoletti.example","gender":"female","status":"inactive"},{"id":8593334,"name":"Ambar Bhattacharya","email":"bhattacharya_ambar@nienow.test","gender":"female","status":"inactive"},{"id":8593332,"name":"Heema Marar","email":"marar_heema@hermiston.test","gender":"female","status":"active"},{"id":8593330,"name":"Manik Khatri","email":"manik_khatri@harris.example","gender":"male","status":"inactive"},{"id":8593329,"name":"Shrishti Patil III","email":"iii_patil_shrishti@hamill.test","gender":"female","status":"inactive"},{"id":8593328,"name":"Brajesh Joshi","email":"joshi_brajesh@swift.test","gender":"male","status":"active"},{"id":8593324,"name":"Bhadra Pilla","email":"pilla_bhadra@champlin.test","gender":"male","status":"active"},{"id":8593320,"name":"Vedang Nayar","email":"nayar_vedang@hahn.example","gender":"female","status":"active"},{"id":8593319,"name":"Vijay Sinha","email":"vijay_sinha@dach.example","gender":"male","status":"active"}]

09:30:01.477 [pool-2-thread-2] DEBUG com.intuit.karate - response time in milliseconds: 1519
1 < 201
1 < Date: Wed, 26 Aug 2026 13:30:00 GMT
1 < Content-Type: application/json; charset=utf-8
1 < Content-Length: 97
1 < Connection: keep-alive
1 < Cache-Control: max-age=0, private, must-revalidate
1 < content-security-policy-report-only: default-src 'self'; script-src 'self' https://pagead2.googlesyndication.com 'nonce-W/GjrLANG/BnOPYyjqcSvQ=='; style-src 'self' 'unsafe-inline' https://fonts.googleapis.com; img-src 'self' data: https:; font-src 'self' https://fonts.gstatic.com; connect-src 'self' https://pagead2.googlesyndication.com https://ep1.adtrafficquality.google; frame-src https://googleads.g.doubleclick.net https://ep2.adtrafficquality.google https://www.google.com; object-src 'none'; frame-ancestors 'none'; base-uri 'self'; form-action 'self'
1 < etag: W/"9ea7340fcd0968f890a24023fa5a4aef"
1 < feature-policy: camera 'none'; gyroscope 'none'; microphone 'none'; usb 'none'; fullscreen 'self'
1 < location: https://gorest.co.in/public/v2/users/8593379
1 < referrer-policy: strict-origin-when-cross-origin
1 < strict-transport-security: max-age=63072000; includeSubDomains
1 < vary: Origin
1 < x-content-type-options: nosniff
1 < x-frame-options: SAMEORIGIN
1 < x-permitted-cross-domain-policies: none
1 < x-ratelimit-limit: 300
1 < x-ratelimit-remaining: 298
1 < x-ratelimit-reset: 0
1 < x-request-id: e80953b7-02d3-46ea-b67b-2a1ebd86964d
1 < x-runtime: 0.062018
1 < x-xss-protection: 0
1 < Nel: {"report_to":"cf-nel","success_fraction":0.0,"max_age":604800}
1 < cf-cache-status: DYNAMIC
1 < Report-To: {"group":"cf-nel","max_age":604800,"endpoints":[{"url":"https://a.nel.cloudflare.com/report/v4?s=d2jvjL3rMxYhT6HiuKOL%2BVwGX%2F%2Bd5cNdhbSITm7Cit060Gh%2FbJFkyzcu0xuyWP031LxlhON%2FcV3jp00IWJp2ND16gmP%2BLBmabAJ4K9%2FeF3ciWIPxiqAKUCtDMInAGrI%3D"}]}
1 < Server: cloudflare
1 < CF-RAY: a31330454c8af1a7-GRU
1 < alt-svc: h3=":443"; ma=86400
{"id":8593379,"name":"Qiana Tromp","email":"samuel80@test.com","gender":"male","status":"active"}

09:30:01.517 [pool-2-thread-2] DEBUG com.intuit.karate - request:
2 > GET https://gorest.co.in/public/v2/users/8593379
2 > Authorization: Bearer 587af75efde5f56f7b05bdf01877ca04490016ec9ffc5611020013e2f46df5e1
2 > Host: gorest.co.in
2 > Connection: Keep-Alive
2 > User-Agent: Apache-HttpClient/4.5.14 (Java/21.0.11)
2 > Accept-Encoding: gzip,deflate


09:30:03.072 [pool-2-thread-2] DEBUG com.intuit.karate - response time in milliseconds: 1554
2 < 200
2 < Date: Wed, 26 Aug 2026 13:30:02 GMT
2 < Content-Type: application/json; charset=utf-8
2 < Transfer-Encoding: chunked
2 < Connection: keep-alive
2 < Cache-Control: max-age=0, private, must-revalidate
2 < content-security-policy-report-only: default-src 'self'; script-src 'self' https://pagead2.googlesyndication.com 'nonce-sSfPrtK3bKQXqerHYefUrg=='; style-src 'self' 'unsafe-inline' https://fonts.googleapis.com; img-src 'self' data: https:; font-src 'self' https://fonts.gstatic.com; connect-src 'self' https://pagead2.googlesyndication.com https://ep1.adtrafficquality.google; frame-src https://googleads.g.doubleclick.net https://ep2.adtrafficquality.google https://www.google.com; object-src 'none'; frame-ancestors 'none'; base-uri 'self'; form-action 'self'
2 < etag: W/"9ea7340fcd0968f890a24023fa5a4aef"
2 < feature-policy: camera 'none'; gyroscope 'none'; microphone 'none'; usb 'none'; fullscreen 'self'
2 < referrer-policy: strict-origin-when-cross-origin
2 < strict-transport-security: max-age=63072000; includeSubDomains
2 < vary: Origin
2 < x-content-type-options: nosniff
2 < x-frame-options: SAMEORIGIN
2 < x-permitted-cross-domain-policies: none
2 < x-ratelimit-limit: 300
2 < x-ratelimit-remaining: 299
2 < x-ratelimit-reset: 0
2 < x-request-id: 1d52a277-a8f2-4450-aba1-18d396888d54
2 < x-runtime: 0.041737
2 < x-xss-protection: 0
2 < Nel: {"report_to":"cf-nel","success_fraction":0.0,"max_age":604800}
2 < cf-cache-status: DYNAMIC
2 < Server-Timing: cfCacheStatus;desc="DYNAMIC"
2 < Server-Timing: cfEdge;dur=18,cfOrigin;dur=1222
2 < Report-To: {"group":"cf-nel","max_age":604800,"endpoints":[{"url":"https://a.nel.cloudflare.com/report/v4?s=leCpWeQogC9EVVB3cW5BN3V7zJ8IhMt4X4w%2Fhhe7Op1HN7P%2Fy32rpO0YyPG6zrWsVw8AhmFSkqlfgn0%2FtH6LH4Q3q%2F9TnMabn3cUzAA97Qf%2BCUcIQ81t3VDkAuPRVLo%3D"}]}
2 < Server: cloudflare
2 < CF-RAY: a313304b7bc0f23f-GRU
2 < alt-svc: h3=":443"; ma=86400
{"id":8593379,"name":"Qiana Tromp","email":"samuel80@test.com","gender":"male","status":"active"}

09:30:04.080 [pool-3-thread-1] INFO  com.intuit.karate.Suite - <<pass>> feature 1 of 1 (0 remaining) classpath:examples/gorest/users.feature
09:56:17.421 [main] DEBUG com.intuit.karate.Suite - [config] classpath:karate-config.js
09:56:17.429 [main] WARN  com.intuit.karate.Suite - failed to backup existing dir: target\karate-reports
09:56:19.256 [pool-2-thread-1] INFO  com.intuit.karate - karate.env system property was: null 
09:56:19.256 [pool-2-thread-2] INFO  com.intuit.karate - karate.env system property was: null 
09:56:19.256 [pool-2-thread-3] INFO  com.intuit.karate - karate.env system property was: null 
09:56:20.280 [pool-2-thread-3] DEBUG com.intuit.karate - request:
1 > POST https://gorest.co.in/public/v2/users
1 > Accept: application/json
1 > Content-Type: application/json; charset=UTF-8
1 > Authorization: Bearer 587af75efde5f56f7b05bdf01877ca04490016ec9ffc5611020013e2f46df5e1
1 > Content-Length: 87
1 > Host: gorest.co.in
1 > Connection: Keep-Alive
1 > User-Agent: Apache-HttpClient/4.5.14 (Java/21.0.11)
1 > Accept-Encoding: gzip,deflate
{"gender":"male","status":"active","name":"Hilary Witting","email":"lesley99@test.com"}

09:56:20.280 [pool-2-thread-1] DEBUG com.intuit.karate - request:
1 > GET https://gorest.co.in/public/v2/users
1 > Accept: application/json
1 > Content-Type: application/json
1 > Authorization: Bearer 587af75efde5f56f7b05bdf01877ca04490016ec9ffc5611020013e2f46df5e1
1 > Host: gorest.co.in
1 > Connection: Keep-Alive
1 > User-Agent: Apache-HttpClient/4.5.14 (Java/21.0.11)
1 > Accept-Encoding: gzip,deflate


09:56:20.280 [pool-2-thread-2] DEBUG com.intuit.karate - request:
1 > POST https://gorest.co.in/public/v2/users
1 > Accept: application/json
1 > Content-Type: application/json; charset=UTF-8
1 > Authorization: Bearer 587af75efde5f56f7b05bdf01877ca04490016ec9ffc5611020013e2f46df5e1
1 > Content-Length: 87
1 > Host: gorest.co.in
1 > Connection: Keep-Alive
1 > User-Agent: Apache-HttpClient/4.5.14 (Java/21.0.11)
1 > Accept-Encoding: gzip,deflate
{"gender":"male","status":"active","name":"Guillermo Strosin","email":"kim20@test.com"}

09:56:22.496 [pool-2-thread-1] DEBUG com.intuit.karate - response time in milliseconds: 2209
1 < 200
1 < Date: Wed, 26 Aug 2026 13:56:21 GMT
1 < Content-Type: application/json; charset=utf-8
1 < Transfer-Encoding: chunked
1 < Connection: keep-alive
1 < Cache-Control: max-age=0, private, must-revalidate
1 < content-security-policy-report-only: default-src 'self'; script-src 'self' https://pagead2.googlesyndication.com 'nonce-z22nLrmD8VVA1mcAxr7yrg=='; style-src 'self' 'unsafe-inline' https://fonts.googleapis.com; img-src 'self' data: https:; font-src 'self' https://fonts.gstatic.com; connect-src 'self' https://pagead2.googlesyndication.com https://ep1.adtrafficquality.google; frame-src https://googleads.g.doubleclick.net https://ep2.adtrafficquality.google https://www.google.com; object-src 'none'; frame-ancestors 'none'; base-uri 'self'; form-action 'self'
1 < etag: W/"bfe5f0b8b59abc11398f84aaf613df3a"
1 < feature-policy: camera 'none'; gyroscope 'none'; microphone 'none'; usb 'none'; fullscreen 'self'
1 < referrer-policy: strict-origin-when-cross-origin
1 < strict-transport-security: max-age=63072000; includeSubDomains
1 < vary: Origin
1 < x-content-type-options: nosniff
1 < x-frame-options: SAMEORIGIN
1 < x-links-current: https://gorest.co.in/public/v2/users?page=1
1 < x-links-next: https://gorest.co.in/public/v2/users?page=2
1 < x-links-previous: 
1 < x-pagination-limit: 10
1 < x-pagination-page: 1
1 < x-pagination-pages: 297
1 < x-pagination-total: 2965
1 < x-permitted-cross-domain-policies: none
1 < x-ratelimit-limit: 300
1 < x-ratelimit-remaining: 298
1 < x-ratelimit-reset: 0
1 < x-request-id: 796a2e26-b5a9-4bc0-afe0-7a2cefdac794
1 < x-runtime: 0.057427
1 < x-xss-protection: 0
1 < Nel: {"report_to":"cf-nel","success_fraction":0.0,"max_age":604800}
1 < cf-cache-status: DYNAMIC
1 < Report-To: {"group":"cf-nel","max_age":604800,"endpoints":[{"url":"https://a.nel.cloudflare.com/report/v4?s=vk79xAhg7wdAHjc6KF%2Ffu00p7t89eZViWNBXHg2YtqeIzgWFLh6ohI%2BwJFbV4C%2FRB6PZ3e0dKJGTM%2Bj1fp7IG5XfJkNudDuFCt21B36I2e2H7reAhRXD9hvnM66WRu4%3D"}]}
1 < Server: cloudflare
1 < CF-RAY: a31356d9ea70fefc-GRU
1 < alt-svc: h3=":443"; ma=86400
[{"id":8593379,"name":"Qiana Tromp","email":"samuel80@test.com","gender":"male","status":"active"},{"id":8593378,"name":"Sheldon Rice","email":"evelyn85@test.com","gender":"male","status":"active"},{"id":8593335,"name":"Akshainie Varman V","email":"v_akshainie_varman@bartoletti.example","gender":"female","status":"inactive"},{"id":8593334,"name":"Ambar Bhattacharya","email":"bhattacharya_ambar@nienow.test","gender":"female","status":"inactive"},{"id":8593332,"name":"Heema Marar","email":"marar_heema@hermiston.test","gender":"female","status":"active"},{"id":8593330,"name":"Manik Khatri","email":"manik_khatri@harris.example","gender":"male","status":"inactive"},{"id":8593329,"name":"Shrishti Patil III","email":"iii_patil_shrishti@hamill.test","gender":"female","status":"inactive"},{"id":8593328,"name":"Brajesh Joshi","email":"joshi_brajesh@swift.test","gender":"male","status":"active"},{"id":8593324,"name":"Bhadra Pilla","email":"pilla_bhadra@champlin.test","gender":"male","status":"active"},{"id":8593320,"name":"Vedang Nayar","email":"nayar_vedang@hahn.example","gender":"female","status":"active"}]

09:56:22.496 [pool-2-thread-2] DEBUG com.intuit.karate - response time in milliseconds: 2206
1 < 201
1 < Date: Wed, 26 Aug 2026 13:56:21 GMT
1 < Content-Type: application/json; charset=utf-8
1 < Content-Length: 100
1 < Connection: keep-alive
1 < Cache-Control: max-age=0, private, must-revalidate
1 < content-security-policy-report-only: default-src 'self'; script-src 'self' https://pagead2.googlesyndication.com 'nonce-JFOluoN2TEPhP+CVKM+lew=='; style-src 'self' 'unsafe-inline' https://fonts.googleapis.com; img-src 'self' data: https:; font-src 'self' https://fonts.gstatic.com; connect-src 'self' https://pagead2.googlesyndication.com https://ep1.adtrafficquality.google; frame-src https://googleads.g.doubleclick.net https://ep2.adtrafficquality.google https://www.google.com; object-src 'none'; frame-ancestors 'none'; base-uri 'self'; form-action 'self'
1 < etag: W/"357cdb3923976d529d436bffeb23f316"
1 < feature-policy: camera 'none'; gyroscope 'none'; microphone 'none'; usb 'none'; fullscreen 'self'
1 < location: https://gorest.co.in/public/v2/users/8593397
1 < referrer-policy: strict-origin-when-cross-origin
1 < strict-transport-security: max-age=63072000; includeSubDomains
1 < vary: Origin
1 < x-content-type-options: nosniff
1 < x-frame-options: SAMEORIGIN
1 < x-permitted-cross-domain-policies: none
1 < x-ratelimit-limit: 300
1 < x-ratelimit-remaining: 297
1 < x-ratelimit-reset: 0
1 < x-request-id: d747c935-bff3-4a14-9ca0-35640a07c3c4
1 < x-runtime: 0.067036
1 < x-xss-protection: 0
1 < Nel: {"report_to":"cf-nel","success_fraction":0.0,"max_age":604800}
1 < cf-cache-status: DYNAMIC
1 < Report-To: {"group":"cf-nel","max_age":604800,"endpoints":[{"url":"https://a.nel.cloudflare.com/report/v4?s=CufrqPIQnkunEEOCN4f0fu1qqwMDekgD%2B%2BjD0x3W2UvyD8Dr26olLveZoZXznc98riB24z5S%2BvQW0KhVbam5Svig%2BHSFXHqZdlE3uvpPLNBmRGFYHL9qjCyTvk995YI%3D"}]}
1 < Server: cloudflare
1 < CF-RAY: a31356d9ea45886a-GRU
1 < alt-svc: h3=":443"; ma=86400
{"id":8593397,"name":"Guillermo Strosin","email":"kim20@test.com","gender":"male","status":"active"}

09:56:22.496 [pool-2-thread-3] DEBUG com.intuit.karate - response time in milliseconds: 2206
1 < 201
1 < Date: Wed, 26 Aug 2026 13:56:21 GMT
1 < Content-Type: application/json; charset=utf-8
1 < Content-Length: 100
1 < Connection: keep-alive
1 < Cache-Control: max-age=0, private, must-revalidate
1 < content-security-policy-report-only: default-src 'self'; script-src 'self' https://pagead2.googlesyndication.com 'nonce-IKHzxrxiAhU3w2vqsR1WCQ=='; style-src 'self' 'unsafe-inline' https://fonts.googleapis.com; img-src 'self' data: https:; font-src 'self' https://fonts.gstatic.com; connect-src 'self' https://pagead2.googlesyndication.com https://ep1.adtrafficquality.google; frame-src https://googleads.g.doubleclick.net https://ep2.adtrafficquality.google https://www.google.com; object-src 'none'; frame-ancestors 'none'; base-uri 'self'; form-action 'self'
1 < etag: W/"7e5541fc42b86de14ac0cde86395f6e0"
1 < feature-policy: camera 'none'; gyroscope 'none'; microphone 'none'; usb 'none'; fullscreen 'self'
1 < location: https://gorest.co.in/public/v2/users/8593396
1 < referrer-policy: strict-origin-when-cross-origin
1 < strict-transport-security: max-age=63072000; includeSubDomains
1 < vary: Origin
1 < x-content-type-options: nosniff
1 < x-frame-options: SAMEORIGIN
1 < x-permitted-cross-domain-policies: none
1 < x-ratelimit-limit: 300
1 < x-ratelimit-remaining: 299
1 < x-ratelimit-reset: 0
1 < x-request-id: f3a4c3df-e178-4f38-931b-61210e95e50a
1 < x-runtime: 0.087141
1 < x-xss-protection: 0
1 < Nel: {"report_to":"cf-nel","success_fraction":0.0,"max_age":604800}
1 < cf-cache-status: DYNAMIC
1 < Report-To: {"group":"cf-nel","max_age":604800,"endpoints":[{"url":"https://a.nel.cloudflare.com/report/v4?s=8Zm476onTeF%2Fu5wSWwYITREa3TWoFBN%2FprdmxoVnxO9jFzztLx9JvUZmSicM2%2FCq9sdu27ZB4euT818URm9ulYvR4G%2FM%2FobcVTjgJAs6WOWaKpdkxFvi3CAtjjUG8OM%3D"}]}
1 < Server: cloudflare
1 < CF-RAY: a31356d9ec56621b-GRU
1 < alt-svc: h3=":443"; ma=86400
{"id":8593396,"name":"Hilary Witting","email":"lesley99@test.com","gender":"male","status":"active"}

09:56:22.534 [pool-2-thread-2] DEBUG com.intuit.karate - request:
2 > GET https://gorest.co.in/public/v2/users/8593397
2 > Authorization: Bearer 587af75efde5f56f7b05bdf01877ca04490016ec9ffc5611020013e2f46df5e1
2 > Host: gorest.co.in
2 > Connection: Keep-Alive
2 > User-Agent: Apache-HttpClient/4.5.14 (Java/21.0.11)
2 > Accept-Encoding: gzip,deflate


09:56:23.636 [pool-2-thread-2] DEBUG com.intuit.karate - response time in milliseconds: 1101
2 < 200
2 < Date: Wed, 26 Aug 2026 13:56:22 GMT
2 < Content-Type: application/json; charset=utf-8
2 < Transfer-Encoding: chunked
2 < Connection: keep-alive
2 < Cache-Control: max-age=0, private, must-revalidate
2 < content-security-policy-report-only: default-src 'self'; script-src 'self' https://pagead2.googlesyndication.com 'nonce-oWx9s5ZhGr96U1a0UQM1OQ=='; style-src 'self' 'unsafe-inline' https://fonts.googleapis.com; img-src 'self' data: https:; font-src 'self' https://fonts.gstatic.com; connect-src 'self' https://pagead2.googlesyndication.com https://ep1.adtrafficquality.google; frame-src https://googleads.g.doubleclick.net https://ep2.adtrafficquality.google https://www.google.com; object-src 'none'; frame-ancestors 'none'; base-uri 'self'; form-action 'self'
2 < etag: W/"357cdb3923976d529d436bffeb23f316"
2 < feature-policy: camera 'none'; gyroscope 'none'; microphone 'none'; usb 'none'; fullscreen 'self'
2 < referrer-policy: strict-origin-when-cross-origin
2 < strict-transport-security: max-age=63072000; includeSubDomains
2 < vary: Origin
2 < x-content-type-options: nosniff
2 < x-frame-options: SAMEORIGIN
2 < x-permitted-cross-domain-policies: none
2 < x-ratelimit-limit: 300
2 < x-ratelimit-remaining: 299
2 < x-ratelimit-reset: 0
2 < x-request-id: 63722962-744a-425d-ad15-93c90991cf10
2 < x-runtime: 0.032204
2 < x-xss-protection: 0
2 < Nel: {"report_to":"cf-nel","success_fraction":0.0,"max_age":604800}
2 < cf-cache-status: DYNAMIC
2 < Server-Timing: cfCacheStatus;desc="DYNAMIC"
2 < Server-Timing: cfEdge;dur=20,cfOrigin;dur=429
2 < Report-To: {"group":"cf-nel","max_age":604800,"endpoints":[{"url":"https://a.nel.cloudflare.com/report/v4?s=5o%2BvQ9%2FFwyN3vCl5cAU%2FOdz2V1Guh4GoDWHPRN0BF0glJZAB8NzicjMf9ocX44Ft0bq%2FvW74uNVrHOoTNTCRFDsCD9d1qxkNDls76DpCGNc%2BeyDB5lWFdcRz%2BYgMrGk%3D"}]}
2 < Server: cloudflare
2 < CF-RAY: a31356e48f9e6239-GRU
2 < alt-svc: h3=":443"; ma=86400
{"id":8593397,"name":"Guillermo Strosin","email":"kim20@test.com","gender":"male","status":"active"}

09:56:25.174 [pool-3-thread-1] INFO  com.intuit.karate.Suite - <<pass>> feature 1 of 1 (0 remaining) classpath:examples/gorest/users.feature
09:59:15.634 [main] DEBUG com.intuit.karate.Suite - [config] classpath:karate-config.js
09:59:15.642 [main] WARN  com.intuit.karate.Suite - failed to backup existing dir: target\karate-reports
09:59:17.558 [pool-2-thread-2] INFO  com.intuit.karate - karate.env system property was: null 
09:59:17.558 [pool-2-thread-4] INFO  com.intuit.karate - karate.env system property was: null 
09:59:17.558 [pool-2-thread-1] INFO  com.intuit.karate - karate.env system property was: null 
09:59:17.558 [pool-2-thread-3] INFO  com.intuit.karate - karate.env system property was: null 
09:59:18.606 [pool-2-thread-1] DEBUG com.intuit.karate - request:
1 > GET https://gorest.co.in/public/v2/users
1 > Accept: application/json
1 > Content-Type: application/json
1 > Authorization: Bearer 587af75efde5f56f7b05bdf01877ca04490016ec9ffc5611020013e2f46df5e1
1 > Host: gorest.co.in
1 > Connection: Keep-Alive
1 > User-Agent: Apache-HttpClient/4.5.14 (Java/21.0.11)
1 > Accept-Encoding: gzip,deflate


09:59:18.606 [pool-2-thread-4] DEBUG com.intuit.karate - request:
1 > POST https://gorest.co.in/public/v2/users
1 > Accept: application/json
1 > Content-Type: application/json; charset=UTF-8
1 > Authorization: Bearer 587af75efde5f56f7b05bdf01877ca04490016ec9ffc5611020013e2f46df5e1
1 > Content-Length: 91
1 > Host: gorest.co.in
1 > Connection: Keep-Alive
1 > User-Agent: Apache-HttpClient/4.5.14 (Java/21.0.11)
1 > Accept-Encoding: gzip,deflate
{"gender":"male","status":"active","name":"Timothy Hodkiewicz","email":"dorine77@test.com"}

09:59:18.606 [pool-2-thread-2] DEBUG com.intuit.karate - request:
1 > POST https://gorest.co.in/public/v2/users
1 > Accept: application/json
1 > Content-Type: application/json; charset=UTF-8
1 > Authorization: Bearer 587af75efde5f56f7b05bdf01877ca04490016ec9ffc5611020013e2f46df5e1
1 > Content-Length: 89
1 > Host: gorest.co.in
1 > Connection: Keep-Alive
1 > User-Agent: Apache-HttpClient/4.5.14 (Java/21.0.11)
1 > Accept-Encoding: gzip,deflate
{"gender":"male","status":"active","name":"Tiffaney Turcotte","email":"lanny74@test.com"}

09:59:18.606 [pool-2-thread-3] DEBUG com.intuit.karate - request:
1 > POST https://gorest.co.in/public/v2/users
1 > Accept: application/json
1 > Content-Type: application/json; charset=UTF-8
1 > Authorization: Bearer 587af75efde5f56f7b05bdf01877ca04490016ec9ffc5611020013e2f46df5e1
1 > Content-Length: 85
1 > Host: gorest.co.in
1 > Connection: Keep-Alive
1 > User-Agent: Apache-HttpClient/4.5.14 (Java/21.0.11)
1 > Accept-Encoding: gzip,deflate
{"gender":"male","status":"active","name":"Jayson Schimmel","email":"eli63@test.com"}

09:59:20.669 [pool-2-thread-2] DEBUG com.intuit.karate - response time in milliseconds: 2052
1 < 201
1 < Date: Wed, 26 Aug 2026 13:59:19 GMT
1 < Content-Type: application/json; charset=utf-8
1 < Content-Length: 102
1 < Connection: keep-alive
1 < Cache-Control: max-age=0, private, must-revalidate
1 < content-security-policy-report-only: default-src 'self'; script-src 'self' https://pagead2.googlesyndication.com 'nonce-T0Onb2Y3vOTgFa3mp+usqA=='; style-src 'self' 'unsafe-inline' https://fonts.googleapis.com; img-src 'self' data: https:; font-src 'self' https://fonts.gstatic.com; connect-src 'self' https://pagead2.googlesyndication.com https://ep1.adtrafficquality.google; frame-src https://googleads.g.doubleclick.net https://ep2.adtrafficquality.google https://www.google.com; object-src 'none'; frame-ancestors 'none'; base-uri 'self'; form-action 'self'
1 < etag: W/"685b308d4c2447bbf55eab38687de520"
1 < feature-policy: camera 'none'; gyroscope 'none'; microphone 'none'; usb 'none'; fullscreen 'self'
1 < location: https://gorest.co.in/public/v2/users/8593400
1 < referrer-policy: strict-origin-when-cross-origin
1 < strict-transport-security: max-age=63072000; includeSubDomains
1 < vary: Origin
1 < x-content-type-options: nosniff
1 < x-frame-options: SAMEORIGIN
1 < x-permitted-cross-domain-policies: none
1 < x-ratelimit-limit: 300
1 < x-ratelimit-remaining: 298
1 < x-ratelimit-reset: 0
1 < x-request-id: 31e0d62d-f89b-4ce4-b61a-3af1aa7c8e8c
1 < x-runtime: 0.068628
1 < x-xss-protection: 0
1 < Nel: {"report_to":"cf-nel","success_fraction":0.0,"max_age":604800}
1 < cf-cache-status: DYNAMIC
1 < Report-To: {"group":"cf-nel","max_age":604800,"endpoints":[{"url":"https://a.nel.cloudflare.com/report/v4?s=Ug7kkoStLpVtagNU92hQrXE0pTFPyShPchwVZ%2FzrmljXT%2FxfMlPC77wavjf4PypQetTwxBSnyQqMFWpG%2BaxMwa1JbA0CWV7nE3MetpLqGSE3lmQJmVnXFexViViw5bk%3D"}]}
1 < Server: cloudflare
1 < CF-RAY: a3135b339f9cf22d-GRU
1 < alt-svc: h3=":443"; ma=86400
{"id":8593400,"name":"Tiffaney Turcotte","email":"lanny74@test.com","gender":"male","status":"active"}

09:59:20.669 [pool-2-thread-1] DEBUG com.intuit.karate - response time in milliseconds: 2057
1 < 200
1 < Date: Wed, 26 Aug 2026 13:59:19 GMT
1 < Content-Type: application/json; charset=utf-8
1 < Transfer-Encoding: chunked
1 < Connection: keep-alive
1 < Cache-Control: max-age=0, private, must-revalidate
1 < content-security-policy-report-only: default-src 'self'; script-src 'self' https://pagead2.googlesyndication.com 'nonce-Ui3OQRD32jsJebmiJOschA=='; style-src 'self' 'unsafe-inline' https://fonts.googleapis.com; img-src 'self' data: https:; font-src 'self' https://fonts.gstatic.com; connect-src 'self' https://pagead2.googlesyndication.com https://ep1.adtrafficquality.google; frame-src https://googleads.g.doubleclick.net https://ep2.adtrafficquality.google https://www.google.com; object-src 'none'; frame-ancestors 'none'; base-uri 'self'; form-action 'self'
1 < etag: W/"e9e4573ad40a449a8332cea053e48918"
1 < feature-policy: camera 'none'; gyroscope 'none'; microphone 'none'; usb 'none'; fullscreen 'self'
1 < referrer-policy: strict-origin-when-cross-origin
1 < strict-transport-security: max-age=63072000; includeSubDomains
1 < vary: Origin
1 < x-content-type-options: nosniff
1 < x-frame-options: SAMEORIGIN
1 < x-links-current: https://gorest.co.in/public/v2/users?page=1
1 < x-links-next: https://gorest.co.in/public/v2/users?page=2
1 < x-links-previous: 
1 < x-pagination-limit: 10
1 < x-pagination-page: 1
1 < x-pagination-pages: 297
1 < x-pagination-total: 2967
1 < x-permitted-cross-domain-policies: none
1 < x-ratelimit-limit: 300
1 < x-ratelimit-remaining: 299
1 < x-ratelimit-reset: 0
1 < x-request-id: 2d07040e-d1de-4214-a2ff-a261050e6704
1 < x-runtime: 0.045416
1 < x-xss-protection: 0
1 < Nel: {"report_to":"cf-nel","success_fraction":0.0,"max_age":604800}
1 < cf-cache-status: DYNAMIC
1 < Report-To: {"group":"cf-nel","max_age":604800,"endpoints":[{"url":"https://a.nel.cloudflare.com/report/v4?s=Mbn3QPfSWFcZxZlzI1TxLieDJMRj%2BEKh2qKAgxbMEI3pGCTYtA%2F9YHw3yIQKxVXqmtzSXFM%2FZJTw33HewIIu4SdqU13Z02ccFhQIsSdIF8FEJr4TRTUatS2eElSh0Xo%3D"}]}
1 < Server: cloudflare
1 < CF-RAY: a3135b338c50f1c9-GRU
1 < alt-svc: h3=":443"; ma=86400
[{"id":8593397,"name":"Guillermo Strosin","email":"kim20@test.com","gender":"male","status":"active"},{"id":8593396,"name":"Hilary Witting","email":"lesley99@test.com","gender":"male","status":"active"},{"id":8593379,"name":"Qiana Tromp","email":"samuel80@test.com","gender":"male","status":"active"},{"id":8593378,"name":"Sheldon Rice","email":"evelyn85@test.com","gender":"male","status":"active"},{"id":8593335,"name":"Akshainie Varman V","email":"v_akshainie_varman@bartoletti.example","gender":"female","status":"inactive"},{"id":8593334,"name":"Ambar Bhattacharya","email":"bhattacharya_ambar@nienow.test","gender":"female","status":"inactive"},{"id":8593332,"name":"Heema Marar","email":"marar_heema@hermiston.test","gender":"female","status":"active"},{"id":8593330,"name":"Manik Khatri","email":"manik_khatri@harris.example","gender":"male","status":"inactive"},{"id":8593329,"name":"Shrishti Patil III","email":"iii_patil_shrishti@hamill.test","gender":"female","status":"inactive"},{"id":8593328,"name":"Brajesh Joshi","email":"joshi_brajesh@swift.test","gender":"male","status":"active"}]

09:59:20.683 [pool-2-thread-3] DEBUG com.intuit.karate - response time in milliseconds: 2076
1 < 201
1 < Date: Wed, 26 Aug 2026 13:59:19 GMT
1 < Content-Type: application/json; charset=utf-8
1 < Content-Length: 98
1 < Connection: keep-alive
1 < Cache-Control: max-age=0, private, must-revalidate
1 < content-security-policy-report-only: default-src 'self'; script-src 'self' https://pagead2.googlesyndication.com 'nonce-UJlI8U7OB+yodybIZSS2PA=='; style-src 'self' 'unsafe-inline' https://fonts.googleapis.com; img-src 'self' data: https:; font-src 'self' https://fonts.gstatic.com; connect-src 'self' https://pagead2.googlesyndication.com https://ep1.adtrafficquality.google; frame-src https://googleads.g.doubleclick.net https://ep2.adtrafficquality.google https://www.google.com; object-src 'none'; frame-ancestors 'none'; base-uri 'self'; form-action 'self'
1 < etag: W/"ff3c1b1c5442959a57daf4c28027c07d"
1 < feature-policy: camera 'none'; gyroscope 'none'; microphone 'none'; usb 'none'; fullscreen 'self'
1 < location: https://gorest.co.in/public/v2/users/8593401
1 < referrer-policy: strict-origin-when-cross-origin
1 < strict-transport-security: max-age=63072000; includeSubDomains
1 < vary: Origin
1 < x-content-type-options: nosniff
1 < x-frame-options: SAMEORIGIN
1 < x-permitted-cross-domain-policies: none
1 < x-ratelimit-limit: 300
1 < x-ratelimit-remaining: 296
1 < x-ratelimit-reset: 1
1 < x-request-id: 6738d51d-78a2-47f7-8141-8641c3a71605
1 < x-runtime: 0.067956
1 < x-xss-protection: 0
1 < Nel: {"report_to":"cf-nel","success_fraction":0.0,"max_age":604800}
1 < cf-cache-status: DYNAMIC
1 < Report-To: {"group":"cf-nel","max_age":604800,"endpoints":[{"url":"https://a.nel.cloudflare.com/report/v4?s=wkD0CO2L%2FnjShsAd070uF8SQCuzLaPYYE21%2FVw5AISAhDrRiC62aAYlchPSAYuOxp9g91eOv0pfWACDODleAy6Mcs6Q3QLkLihFpy8gCG6PHTJWgs6cQKq9FFAjzmW8%3D"}]}
1 < Server: cloudflare
1 < CF-RAY: a3135b338ee64b9c-GRU
1 < alt-svc: h3=":443"; ma=86400
{"id":8593401,"name":"Jayson Schimmel","email":"eli63@test.com","gender":"male","status":"active"}

09:59:20.721 [pool-2-thread-2] DEBUG com.intuit.karate - request:
2 > GET https://gorest.co.in/public/v2/users/8593400
2 > Authorization: Bearer 587af75efde5f56f7b05bdf01877ca04490016ec9ffc5611020013e2f46df5e1
2 > Host: gorest.co.in
2 > Connection: Keep-Alive
2 > User-Agent: Apache-HttpClient/4.5.14 (Java/21.0.11)
2 > Accept-Encoding: gzip,deflate


09:59:20.898 [pool-2-thread-4] DEBUG com.intuit.karate - response time in milliseconds: 2286
1 < 201
1 < Date: Wed, 26 Aug 2026 13:59:19 GMT
1 < Content-Type: application/json; charset=utf-8
1 < Content-Length: 104
1 < Connection: keep-alive
1 < Cache-Control: max-age=0, private, must-revalidate
1 < content-security-policy-report-only: default-src 'self'; script-src 'self' https://pagead2.googlesyndication.com 'nonce-xBi8uUP8GfiIZua0u/gs5w=='; style-src 'self' 'unsafe-inline' https://fonts.googleapis.com; img-src 'self' data: https:; font-src 'self' https://fonts.gstatic.com; connect-src 'self' https://pagead2.googlesyndication.com https://ep1.adtrafficquality.google; frame-src https://googleads.g.doubleclick.net https://ep2.adtrafficquality.google https://www.google.com; object-src 'none'; frame-ancestors 'none'; base-uri 'self'; form-action 'self'
1 < etag: W/"abd9a2b77343ab752177bd8800d9e129"
1 < feature-policy: camera 'none'; gyroscope 'none'; microphone 'none'; usb 'none'; fullscreen 'self'
1 < location: https://gorest.co.in/public/v2/users/8593402
1 < referrer-policy: strict-origin-when-cross-origin
1 < strict-transport-security: max-age=63072000; includeSubDomains
1 < vary: Origin
1 < x-content-type-options: nosniff
1 < x-frame-options: SAMEORIGIN
1 < x-permitted-cross-domain-policies: none
1 < x-ratelimit-limit: 300
1 < x-ratelimit-remaining: 297
1 < x-ratelimit-reset: 0
1 < x-request-id: b0bc7de6-43ff-4bd3-84f9-e1dbbf1666bc
1 < x-runtime: 0.250143
1 < x-xss-protection: 0
1 < Nel: {"report_to":"cf-nel","success_fraction":0.0,"max_age":604800}
1 < cf-cache-status: DYNAMIC
1 < Report-To: {"group":"cf-nel","max_age":604800,"endpoints":[{"url":"https://a.nel.cloudflare.com/report/v4?s=BCPfYeAX2DnDuHN3rB3QDTuiPe%2B%2FEf5WsM2tvlgsuogIvCCdnvbjvEeLBsM5VmpjeQmAGEoi%2F5BBsYNzrTxm5fsN%2BnUF6v2DlfTQOvIZurTqPGP2QmW9WlBIbz%2B1dY8%3D"}]}
1 < Server: cloudflare
1 < CF-RAY: a3135b33889d098b-GRU
1 < alt-svc: h3=":443"; ma=86400
{"id":8593402,"name":"Timothy Hodkiewicz","email":"dorine77@test.com","gender":"male","status":"active"}

09:59:20.907 [pool-2-thread-4] DEBUG com.intuit.karate - request:
2 > DELETE https://gorest.co.in/public/v2/users/8593402
2 > Authorization: Bearer 587af75efde5f56f7b05bdf01877ca04490016ec9ffc5611020013e2f46df5e1
2 > Host: gorest.co.in
2 > Connection: Keep-Alive
2 > User-Agent: Apache-HttpClient/4.5.14 (Java/21.0.11)
2 > Accept-Encoding: gzip,deflate


09:59:21.621 [pool-2-thread-2] DEBUG com.intuit.karate - response time in milliseconds: 896
2 < 200
2 < Date: Wed, 26 Aug 2026 13:59:20 GMT
2 < Content-Type: application/json; charset=utf-8
2 < Transfer-Encoding: chunked
2 < Connection: keep-alive
2 < Cache-Control: max-age=0, private, must-revalidate
2 < content-security-policy-report-only: default-src 'self'; script-src 'self' https://pagead2.googlesyndication.com 'nonce-O4HGk3cQVF5YBrfcswO7ug=='; style-src 'self' 'unsafe-inline' https://fonts.googleapis.com; img-src 'self' data: https:; font-src 'self' https://fonts.gstatic.com; connect-src 'self' https://pagead2.googlesyndication.com https://ep1.adtrafficquality.google; frame-src https://googleads.g.doubleclick.net https://ep2.adtrafficquality.google https://www.google.com; object-src 'none'; frame-ancestors 'none'; base-uri 'self'; form-action 'self'
2 < etag: W/"685b308d4c2447bbf55eab38687de520"
2 < feature-policy: camera 'none'; gyroscope 'none'; microphone 'none'; usb 'none'; fullscreen 'self'
2 < referrer-policy: strict-origin-when-cross-origin
2 < strict-transport-security: max-age=63072000; includeSubDomains
2 < vary: Origin
2 < x-content-type-options: nosniff
2 < x-frame-options: SAMEORIGIN
2 < x-permitted-cross-domain-policies: none
2 < x-ratelimit-limit: 300
2 < x-ratelimit-remaining: 299
2 < x-ratelimit-reset: 0
2 < x-request-id: 54a0f308-de15-43be-baee-678b3a768ae0
2 < x-runtime: 0.029032
2 < x-xss-protection: 0
2 < Nel: {"report_to":"cf-nel","success_fraction":0.0,"max_age":604800}
2 < cf-cache-status: DYNAMIC
2 < Server-Timing: cfCacheStatus;desc="DYNAMIC"
2 < Server-Timing: cfEdge;dur=14,cfOrigin;dur=432
2 < Report-To: {"group":"cf-nel","max_age":604800,"endpoints":[{"url":"https://a.nel.cloudflare.com/report/v4?s=ZJRj2%2BHL5PNKO%2FyLEc4k5Q1n%2FrP3JryldCPlv5K4rrdnoY8YmpxY%2FXlyQnmP7uGpxkI5JnAfcFlegmxYGhYuWyIgMO7Tc97%2F2Uw5PdEKPhjn88qsrFfTON69e2MximY%3D"}]}
2 < Server: cloudflare
2 < CF-RAY: a3135b3e2fb14fb4-GRU
2 < alt-svc: h3=":443"; ma=86400
{"id":8593400,"name":"Tiffaney Turcotte","email":"lanny74@test.com","gender":"male","status":"active"}

09:59:21.824 [pool-2-thread-4] DEBUG com.intuit.karate - response time in milliseconds: 911
2 < 204
2 < Date: Wed, 26 Aug 2026 13:59:20 GMT
2 < Connection: keep-alive
2 < Cache-Control: no-cache
2 < content-security-policy-report-only: default-src 'self'; script-src 'self' https://pagead2.googlesyndication.com 'nonce-rj/x3cnzqaRD3Kgc7iblCw=='; style-src 'self' 'unsafe-inline' https://fonts.googleapis.com; img-src 'self' data: https:; font-src 'self' https://fonts.gstatic.com; connect-src 'self' https://pagead2.googlesyndication.com https://ep1.adtrafficquality.google; frame-src https://googleads.g.doubleclick.net https://ep2.adtrafficquality.google https://www.google.com; object-src 'none'; frame-ancestors 'none'; base-uri 'self'; form-action 'self'
2 < feature-policy: camera 'none'; gyroscope 'none'; microphone 'none'; usb 'none'; fullscreen 'self'
2 < referrer-policy: strict-origin-when-cross-origin
2 < strict-transport-security: max-age=63072000; includeSubDomains
2 < vary: Origin
2 < x-content-type-options: nosniff
2 < x-frame-options: SAMEORIGIN
2 < x-permitted-cross-domain-policies: none
2 < x-ratelimit-limit: 300
2 < x-ratelimit-remaining: 298
2 < x-ratelimit-reset: 0
2 < x-request-id: e7161b30-58ec-4346-9ba0-dc15e7ae3c16
2 < x-runtime: 0.051940
2 < x-xss-protection: 0
2 < cf-cache-status: DYNAMIC
2 < Server-Timing: cfCacheStatus;desc="DYNAMIC"
2 < Server-Timing: cfEdge;dur=11,cfOrigin;dur=452
2 < Report-To: {"group":"cf-nel","max_age":604800,"endpoints":[{"url":"https://a.nel.cloudflare.com/report/v4?s=wHNOLPtEY6jWDM%2FllJvcdTs6W5DR3T9mtQ62%2BJlBaX1hekm7%2Bh91b9C9JqyGXvY%2BoqhYnvVewjiu2iKw8wrWO3xf2NtD47MfVEaprZGiPoN4LcPawChM6RGfVf7HySY%3D"}]}
2 < Nel: {"report_to":"cf-nel","success_fraction":0.0,"max_age":604800}
2 < Server: cloudflare
2 < CF-RAY: a3135b3f5ca9f2e4-GRU
2 < alt-svc: h3=":443"; ma=86400


09:59:21.849 [pool-2-thread-4] ERROR com.intuit.karate - classpath:examples/gorest/users.feature:63
And match response.email == payload.email
match failed: EQUALS
  $ | data types don't match (NULL:STRING)
  null
  'dorine77@test.com'

classpath:examples/gorest/users.feature:63
09:59:24.495 [pool-3-thread-1] INFO  com.intuit.karate.Suite - <<fail>> feature 1 of 1 (0 remaining) classpath:examples/gorest/users.feature
10:13:18.874 [main] DEBUG com.intuit.karate.Suite - [config] classpath:karate-config.js
10:13:18.881 [main] WARN  com.intuit.karate.Suite - failed to backup existing dir: target\karate-reports
10:13:20.754 [pool-2-thread-2] INFO  com.intuit.karate - karate.env system property was: null 
10:13:20.754 [pool-2-thread-4] INFO  com.intuit.karate - karate.env system property was: null 
10:13:20.754 [pool-2-thread-1] INFO  com.intuit.karate - karate.env system property was: null 
10:13:20.754 [pool-2-thread-3] INFO  com.intuit.karate - karate.env system property was: null 
10:13:21.766 [pool-2-thread-1] DEBUG com.intuit.karate - request:
1 > GET https://gorest.co.in/public/v2/users
1 > Accept: application/json
1 > Content-Type: application/json
1 > Authorization: Bearer 587af75efde5f56f7b05bdf01877ca04490016ec9ffc5611020013e2f46df5e1
1 > Host: gorest.co.in
1 > Connection: Keep-Alive
1 > User-Agent: Apache-HttpClient/4.5.14 (Java/21.0.11)
1 > Accept-Encoding: gzip,deflate


10:13:21.766 [pool-2-thread-4] DEBUG com.intuit.karate - request:
1 > POST https://gorest.co.in/public/v2/users
1 > Accept: application/json
1 > Content-Type: application/json; charset=UTF-8
1 > Authorization: Bearer 587af75efde5f56f7b05bdf01877ca04490016ec9ffc5611020013e2f46df5e1
1 > Content-Length: 88
1 > Host: gorest.co.in
1 > Connection: Keep-Alive
1 > User-Agent: Apache-HttpClient/4.5.14 (Java/21.0.11)
1 > Accept-Encoding: gzip,deflate
{"gender":"male","status":"active","name":"Haydee Johnson","email":"venessa20@test.com"}

10:13:21.766 [pool-2-thread-3] DEBUG com.intuit.karate - request:
1 > POST https://gorest.co.in/public/v2/users
1 > Accept: application/json
1 > Content-Type: application/json; charset=UTF-8
1 > Authorization: Bearer 587af75efde5f56f7b05bdf01877ca04490016ec9ffc5611020013e2f46df5e1
1 > Content-Length: 89
1 > Host: gorest.co.in
1 > Connection: Keep-Alive
1 > User-Agent: Apache-HttpClient/4.5.14 (Java/21.0.11)
1 > Accept-Encoding: gzip,deflate
{"gender":"male","status":"active","name":"Lanny Vandervort","email":"robbyn44@test.com"}

10:13:21.766 [pool-2-thread-2] DEBUG com.intuit.karate - request:
1 > POST https://gorest.co.in/public/v2/users
1 > Accept: application/json
1 > Content-Type: application/json; charset=UTF-8
1 > Authorization: Bearer 587af75efde5f56f7b05bdf01877ca04490016ec9ffc5611020013e2f46df5e1
1 > Content-Length: 83
1 > Host: gorest.co.in
1 > Connection: Keep-Alive
1 > User-Agent: Apache-HttpClient/4.5.14 (Java/21.0.11)
1 > Accept-Encoding: gzip,deflate
{"gender":"male","status":"active","name":"Rozella Koch","email":"kyle81@test.com"}

10:13:24.609 [pool-2-thread-3] DEBUG com.intuit.karate - response time in milliseconds: 2835
1 < 201
1 < Date: Wed, 26 Aug 2026 14:13:23 GMT
1 < Content-Type: application/json; charset=utf-8
1 < Content-Length: 102
1 < Connection: keep-alive
1 < Cache-Control: max-age=0, private, must-revalidate
1 < content-security-policy-report-only: default-src 'self'; script-src 'self' https://pagead2.googlesyndication.com 'nonce-r88v69gG+MONLZmPym8BbA=='; style-src 'self' 'unsafe-inline' https://fonts.googleapis.com; img-src 'self' data: https:; font-src 'self' https://fonts.gstatic.com; connect-src 'self' https://pagead2.googlesyndication.com https://ep1.adtrafficquality.google; frame-src https://googleads.g.doubleclick.net https://ep2.adtrafficquality.google https://www.google.com; object-src 'none'; frame-ancestors 'none'; base-uri 'self'; form-action 'self'
1 < etag: W/"4ff4d66799c6b12c44aba61714606018"
1 < feature-policy: camera 'none'; gyroscope 'none'; microphone 'none'; usb 'none'; fullscreen 'self'
1 < location: https://gorest.co.in/public/v2/users/8593420
1 < referrer-policy: strict-origin-when-cross-origin
1 < strict-transport-security: max-age=63072000; includeSubDomains
1 < vary: Origin
1 < x-content-type-options: nosniff
1 < x-frame-options: SAMEORIGIN
1 < x-permitted-cross-domain-policies: none
1 < x-ratelimit-limit: 300
1 < x-ratelimit-remaining: 296
1 < x-ratelimit-reset: 1
1 < x-request-id: 4b20bc1c-1a4c-4443-9e10-17cacc78f31c
1 < x-runtime: 0.127271
1 < x-xss-protection: 0
1 < Nel: {"report_to":"cf-nel","success_fraction":0.0,"max_age":604800}
1 < cf-cache-status: DYNAMIC
1 < Report-To: {"group":"cf-nel","max_age":604800,"endpoints":[{"url":"https://a.nel.cloudflare.com/report/v4?s=brAN0vLfs78H6l1KTvPg%2BN5wj7ZzrX18WaPhNhei%2Bk%2FfOt%2FSwPWZeA9gCcIFk9UgJ1HDoiax56MjcCSGBbjR4Zr3LjuzlhKLg%2BeWAuSdRXtBjdp6lvNnriEJC816DiQ%3D"}]}
1 < Server: cloudflare
1 < CF-RAY: a3136fcd489fd986-GRU
1 < alt-svc: h3=":443"; ma=86400
{"id":8593420,"name":"Lanny Vandervort","email":"robbyn44@test.com","gender":"male","status":"active"}

10:13:24.609 [pool-2-thread-2] DEBUG com.intuit.karate - response time in milliseconds: 2834
1 < 201
1 < Date: Wed, 26 Aug 2026 14:13:23 GMT
1 < Content-Type: application/json; charset=utf-8
1 < Content-Length: 96
1 < Connection: keep-alive
1 < Cache-Control: max-age=0, private, must-revalidate
1 < content-security-policy-report-only: default-src 'self'; script-src 'self' https://pagead2.googlesyndication.com 'nonce-ggzkWpfObh50BKIqTBbfEA=='; style-src 'self' 'unsafe-inline' https://fonts.googleapis.com; img-src 'self' data: https:; font-src 'self' https://fonts.gstatic.com; connect-src 'self' https://pagead2.googlesyndication.com https://ep1.adtrafficquality.google; frame-src https://googleads.g.doubleclick.net https://ep2.adtrafficquality.google https://www.google.com; object-src 'none'; frame-ancestors 'none'; base-uri 'self'; form-action 'self'
1 < etag: W/"8ac1150f389f49141b64628fd345147e"
1 < feature-policy: camera 'none'; gyroscope 'none'; microphone 'none'; usb 'none'; fullscreen 'self'
1 < location: https://gorest.co.in/public/v2/users/8593418
1 < referrer-policy: strict-origin-when-cross-origin
1 < strict-transport-security: max-age=63072000; includeSubDomains
1 < vary: Origin
1 < x-content-type-options: nosniff
1 < x-frame-options: SAMEORIGIN
1 < x-permitted-cross-domain-policies: none
1 < x-ratelimit-limit: 300
1 < x-ratelimit-remaining: 297
1 < x-ratelimit-reset: 0
1 < x-request-id: 6e276f0f-7917-4bf5-98a8-efd98aed5c48
1 < x-runtime: 0.052697
1 < x-xss-protection: 0
1 < Nel: {"report_to":"cf-nel","success_fraction":0.0,"max_age":604800}
1 < cf-cache-status: DYNAMIC
1 < Report-To: {"group":"cf-nel","max_age":604800,"endpoints":[{"url":"https://a.nel.cloudflare.com/report/v4?s=mES0YT8w8b1xXTh55LrKGb1BlphWzse%2FOwBh%2BUDU8OPQsdYosXLMHYTbFQ1AW6B%2BAypqF9D4PC%2B61AolLG0idOeapH0wQiD3ANzSIxKMGw%2Bh4mevX%2FlphbWT4Uu0vek%3D"}]}
1 < Server: cloudflare
1 < CF-RAY: a3136fcd4b93f223-GRU
1 < alt-svc: h3=":443"; ma=86400
{"id":8593418,"name":"Rozella Koch","email":"kyle81@test.com","gender":"male","status":"active"}

10:13:24.609 [pool-2-thread-4] DEBUG com.intuit.karate - response time in milliseconds: 2835
1 < 201
1 < Date: Wed, 26 Aug 2026 14:13:23 GMT
1 < Content-Type: application/json; charset=utf-8
1 < Content-Length: 101
1 < Connection: keep-alive
1 < Cache-Control: max-age=0, private, must-revalidate
1 < content-security-policy-report-only: default-src 'self'; script-src 'self' https://pagead2.googlesyndication.com 'nonce-OBcKIsE9nOcsrOf9lseRyA=='; style-src 'self' 'unsafe-inline' https://fonts.googleapis.com; img-src 'self' data: https:; font-src 'self' https://fonts.gstatic.com; connect-src 'self' https://pagead2.googlesyndication.com https://ep1.adtrafficquality.google; frame-src https://googleads.g.doubleclick.net https://ep2.adtrafficquality.google https://www.google.com; object-src 'none'; frame-ancestors 'none'; base-uri 'self'; form-action 'self'
1 < etag: W/"5455e63f797f7f85f81d1d2f65db4fd0"
1 < feature-policy: camera 'none'; gyroscope 'none'; microphone 'none'; usb 'none'; fullscreen 'self'
1 < location: https://gorest.co.in/public/v2/users/8593419
1 < referrer-policy: strict-origin-when-cross-origin
1 < strict-transport-security: max-age=63072000; includeSubDomains
1 < vary: Origin
1 < x-content-type-options: nosniff
1 < x-frame-options: SAMEORIGIN
1 < x-permitted-cross-domain-policies: none
1 < x-ratelimit-limit: 300
1 < x-ratelimit-remaining: 298
1 < x-ratelimit-reset: 0
1 < x-request-id: 5f48b842-cd15-462c-995b-e6cb7d3365b1
1 < x-runtime: 0.123909
1 < x-xss-protection: 0
1 < Nel: {"report_to":"cf-nel","success_fraction":0.0,"max_age":604800}
1 < cf-cache-status: DYNAMIC
1 < Report-To: {"group":"cf-nel","max_age":604800,"endpoints":[{"url":"https://a.nel.cloudflare.com/report/v4?s=wSZkZCzddjFSLyLTgvWQSZ4CEsBva2glYhu2McaVW5Vo0O%2B%2BvED6JUtK9C4y%2BpVzIsWjeaOD0C9%2Bzsg4Od7GQLCy6Ozfv4bb4Nt%2Fk7FsncGrjfJ32yR8P7cjZCZBM1Q%3D"}]}
1 < Server: cloudflare
1 < CF-RAY: a3136fcd488129ee-GRU
1 < alt-svc: h3=":443"; ma=86400
{"id":8593419,"name":"Haydee Johnson","email":"venessa20@test.com","gender":"male","status":"active"}

10:13:24.609 [pool-2-thread-1] DEBUG com.intuit.karate - response time in milliseconds: 2839
1 < 200
1 < Date: Wed, 26 Aug 2026 14:13:23 GMT
1 < Content-Type: application/json; charset=utf-8
1 < Transfer-Encoding: chunked
1 < Connection: keep-alive
1 < Cache-Control: max-age=0, private, must-revalidate
1 < content-security-policy-report-only: default-src 'self'; script-src 'self' https://pagead2.googlesyndication.com 'nonce-cVyYCeReO3ZPP59smGA+qw=='; style-src 'self' 'unsafe-inline' https://fonts.googleapis.com; img-src 'self' data: https:; font-src 'self' https://fonts.gstatic.com; connect-src 'self' https://pagead2.googlesyndication.com https://ep1.adtrafficquality.google; frame-src https://googleads.g.doubleclick.net https://ep2.adtrafficquality.google https://www.google.com; object-src 'none'; frame-ancestors 'none'; base-uri 'self'; form-action 'self'
1 < etag: W/"65c62712429f7fa67585aaab4718909d"
1 < feature-policy: camera 'none'; gyroscope 'none'; microphone 'none'; usb 'none'; fullscreen 'self'
1 < referrer-policy: strict-origin-when-cross-origin
1 < strict-transport-security: max-age=63072000; includeSubDomains
1 < vary: Origin
1 < x-content-type-options: nosniff
1 < x-frame-options: SAMEORIGIN
1 < x-links-current: https://gorest.co.in/public/v2/users?page=1
1 < x-links-next: https://gorest.co.in/public/v2/users?page=2
1 < x-links-previous: 
1 < x-pagination-limit: 10
1 < x-pagination-page: 1
1 < x-pagination-pages: 297
1 < x-pagination-total: 2966
1 < x-permitted-cross-domain-policies: none
1 < x-ratelimit-limit: 300
1 < x-ratelimit-remaining: 299
1 < x-ratelimit-reset: 0
1 < x-request-id: e402e92e-9197-47aa-8ab8-afcd11272a53
1 < x-runtime: 0.055754
1 < x-xss-protection: 0
1 < Nel: {"report_to":"cf-nel","success_fraction":0.0,"max_age":604800}
1 < cf-cache-status: DYNAMIC
1 < Report-To: {"group":"cf-nel","max_age":604800,"endpoints":[{"url":"https://a.nel.cloudflare.com/report/v4?s=cCqiW4dhWYVlkfp1I6rgp4742V7ONDjQe%2FVCmBMvPGU7dLhj1A6QISHW8lpGe8wtWRQMCaiwW38c%2FlbfE04ErYu%2FobObcGxJVz4WGWBbWjedn4ER98nlMVIzBuA9SCU%3D"}]}
1 < Server: cloudflare
1 < CF-RAY: a3136fcd4f4f1d2c-GRU
1 < alt-svc: h3=":443"; ma=86400
[{"id":8593400,"name":"Tiffaney Turcotte","email":"lanny74@test.com","gender":"male","status":"active"},{"id":8593397,"name":"Guillermo Strosin","email":"kim20@test.com","gender":"male","status":"active"},{"id":8593396,"name":"Hilary Witting","email":"lesley99@test.com","gender":"male","status":"active"},{"id":8593379,"name":"Qiana Tromp","email":"samuel80@test.com","gender":"male","status":"active"},{"id":8593378,"name":"Sheldon Rice","email":"evelyn85@test.com","gender":"male","status":"active"},{"id":8593335,"name":"Akshainie Varman V","email":"v_akshainie_varman@bartoletti.example","gender":"female","status":"inactive"},{"id":8593334,"name":"Ambar Bhattacharya","email":"bhattacharya_ambar@nienow.test","gender":"female","status":"inactive"},{"id":8593332,"name":"Heema Marar","email":"marar_heema@hermiston.test","gender":"female","status":"active"},{"id":8593330,"name":"Manik Khatri","email":"manik_khatri@harris.example","gender":"male","status":"inactive"},{"id":8593329,"name":"Shrishti Patil III","email":"iii_patil_shrishti@hamill.test","gender":"female","status":"inactive"}]

10:13:24.644 [pool-2-thread-2] DEBUG com.intuit.karate - request:
2 > GET https://gorest.co.in/public/v2/users/8593418
2 > Authorization: Bearer 587af75efde5f56f7b05bdf01877ca04490016ec9ffc5611020013e2f46df5e1
2 > Host: gorest.co.in
2 > Connection: Keep-Alive
2 > User-Agent: Apache-HttpClient/4.5.14 (Java/21.0.11)
2 > Accept-Encoding: gzip,deflate


10:13:24.644 [pool-2-thread-4] DEBUG com.intuit.karate - request:
2 > DELETE https://gorest.co.in/public/v2/users/8593419
2 > Authorization: Bearer 587af75efde5f56f7b05bdf01877ca04490016ec9ffc5611020013e2f46df5e1
2 > Host: gorest.co.in
2 > Connection: Keep-Alive
2 > User-Agent: Apache-HttpClient/4.5.14 (Java/21.0.11)
2 > Accept-Encoding: gzip,deflate


10:13:26.403 [pool-2-thread-2] DEBUG com.intuit.karate - response time in milliseconds: 1757
2 < 200
2 < Date: Wed, 26 Aug 2026 14:13:25 GMT
2 < Content-Type: application/json; charset=utf-8
2 < Transfer-Encoding: chunked
2 < Connection: keep-alive
2 < Cache-Control: max-age=0, private, must-revalidate
2 < content-security-policy-report-only: default-src 'self'; script-src 'self' https://pagead2.googlesyndication.com 'nonce-QKJMDQfgVgy+TsNFRnGPbg=='; style-src 'self' 'unsafe-inline' https://fonts.googleapis.com; img-src 'self' data: https:; font-src 'self' https://fonts.gstatic.com; connect-src 'self' https://pagead2.googlesyndication.com https://ep1.adtrafficquality.google; frame-src https://googleads.g.doubleclick.net https://ep2.adtrafficquality.google https://www.google.com; object-src 'none'; frame-ancestors 'none'; base-uri 'self'; form-action 'self'
2 < etag: W/"8ac1150f389f49141b64628fd345147e"
2 < feature-policy: camera 'none'; gyroscope 'none'; microphone 'none'; usb 'none'; fullscreen 'self'
2 < referrer-policy: strict-origin-when-cross-origin
2 < strict-transport-security: max-age=63072000; includeSubDomains
2 < vary: Origin
2 < x-content-type-options: nosniff
2 < x-frame-options: SAMEORIGIN
2 < x-permitted-cross-domain-policies: none
2 < x-ratelimit-limit: 300
2 < x-ratelimit-remaining: 299
2 < x-ratelimit-reset: 0
2 < x-request-id: 1e1284d1-c16b-4d09-b6fd-2b0d4aca2a41
2 < x-runtime: 0.033680
2 < x-xss-protection: 0
2 < Nel: {"report_to":"cf-nel","success_fraction":0.0,"max_age":604800}
2 < cf-cache-status: DYNAMIC
2 < Server-Timing: cfCacheStatus;desc="DYNAMIC"
2 < Server-Timing: cfEdge;dur=13,cfOrigin;dur=1231
2 < Report-To: {"group":"cf-nel","max_age":604800,"endpoints":[{"url":"https://a.nel.cloudflare.com/report/v4?s=KITGazdpof2EnOaTqAlqhl4bQc6XQvXRHF%2F7clutXR55O%2FcESyLRBNzyxgNlXRtk76NOLnx8BoTH%2BdM3i7POZ1BpG7IGmRXHf1F1GxgohZ1bg5Vf5%2B0BhfdTyKTpFWE%3D"}]}
2 < Server: cloudflare
2 < CF-RAY: a3136fd89a7761e0-GRU
2 < alt-svc: h3=":443"; ma=86400
{"id":8593418,"name":"Rozella Koch","email":"kyle81@test.com","gender":"male","status":"active"}

10:13:26.403 [pool-2-thread-4] DEBUG com.intuit.karate - response time in milliseconds: 1758
2 < 204
2 < Date: Wed, 26 Aug 2026 14:13:25 GMT
2 < Connection: keep-alive
2 < Cache-Control: no-cache
2 < content-security-policy-report-only: default-src 'self'; script-src 'self' https://pagead2.googlesyndication.com 'nonce-5RbXpr4Y+p+XbCRxSj6Rew=='; style-src 'self' 'unsafe-inline' https://fonts.googleapis.com; img-src 'self' data: https:; font-src 'self' https://fonts.gstatic.com; connect-src 'self' https://pagead2.googlesyndication.com https://ep1.adtrafficquality.google; frame-src https://googleads.g.doubleclick.net https://ep2.adtrafficquality.google https://www.google.com; object-src 'none'; frame-ancestors 'none'; base-uri 'self'; form-action 'self'
2 < feature-policy: camera 'none'; gyroscope 'none'; microphone 'none'; usb 'none'; fullscreen 'self'
2 < referrer-policy: strict-origin-when-cross-origin
2 < strict-transport-security: max-age=63072000; includeSubDomains
2 < vary: Origin
2 < x-content-type-options: nosniff
2 < x-frame-options: SAMEORIGIN
2 < x-permitted-cross-domain-policies: none
2 < x-ratelimit-limit: 300
2 < x-ratelimit-remaining: 298
2 < x-ratelimit-reset: 0
2 < x-request-id: 956cf1cf-a25b-4382-b181-802eb0321cf1
2 < x-runtime: 0.061141
2 < x-xss-protection: 0
2 < cf-cache-status: DYNAMIC
2 < Server-Timing: cfCacheStatus;desc="DYNAMIC"
2 < Server-Timing: cfEdge;dur=17,cfOrigin;dur=1291
2 < Report-To: {"group":"cf-nel","max_age":604800,"endpoints":[{"url":"https://a.nel.cloudflare.com/report/v4?s=cdJw47bvZ8lShYCxRIjz4yseCTNWDX0SqnX1wIVrRrRM%2Foi26udcFUfCJgZqCLuP8iWTjLA8Awz%2F%2FnKD%2B6hUCLmuOEq9PSrd95LTKrzgPYm9zxSpOzoWieK2tN4WY40%3D"}]}
2 < Nel: {"report_to":"cf-nel","success_fraction":0.0,"max_age":604800}
2 < Server: cloudflare
2 < CF-RAY: a3136fd8ac79f203-GRU
2 < alt-svc: h3=":443"; ma=86400


10:13:28.072 [pool-3-thread-1] INFO  com.intuit.karate.Suite - <<pass>> feature 1 of 1 (0 remaining) classpath:examples/gorest/users.feature
10:21:30.360 [main] DEBUG com.intuit.karate.Suite - [config] classpath:karate-config.js
10:21:30.368 [main] WARN  com.intuit.karate.Suite - failed to backup existing dir: target\karate-reports
10:21:32.520 [pool-2-thread-1] INFO  com.intuit.karate - karate.env system property was: null 
10:21:32.521 [pool-2-thread-2] INFO  com.intuit.karate - karate.env system property was: null 
10:21:32.521 [pool-2-thread-3] INFO  com.intuit.karate - karate.env system property was: null 
10:21:32.517 [pool-2-thread-4] INFO  com.intuit.karate - karate.env system property was: null 
10:21:33.695 [pool-2-thread-1] DEBUG com.intuit.karate - request:
1 > GET https://gorest.co.in/public/v2/users
1 > Accept: application/json
1 > Content-Type: application/json
1 > Authorization: Bearer 587af75efde5f56f7b05bdf01877ca04490016ec9ffc5611020013e2f46df5e1
1 > Host: gorest.co.in
1 > Connection: Keep-Alive
1 > User-Agent: Apache-HttpClient/4.5.14 (Java/21.0.11)
1 > Accept-Encoding: gzip,deflate


10:21:33.695 [pool-2-thread-2] DEBUG com.intuit.karate - request:
1 > POST https://gorest.co.in/public/v2/users
1 > Accept: application/json
1 > Content-Type: application/json; charset=UTF-8
1 > Authorization: Bearer 587af75efde5f56f7b05bdf01877ca04490016ec9ffc5611020013e2f46df5e1
1 > Content-Length: 84
1 > Host: gorest.co.in
1 > Connection: Keep-Alive
1 > User-Agent: Apache-HttpClient/4.5.14 (Java/21.0.11)
1 > Accept-Encoding: gzip,deflate
{"gender":"male","status":"active","name":"Shay Strosin","email":"abram80@test.com"}

10:21:33.695 [pool-2-thread-4] DEBUG com.intuit.karate - request:
1 > POST https://gorest.co.in/public/v2/users
1 > Accept: application/json
1 > Content-Type: application/json; charset=UTF-8
1 > Authorization: Bearer 587af75efde5f56f7b05bdf01877ca04490016ec9ffc5611020013e2f46df5e1
1 > Content-Length: 90
1 > Host: gorest.co.in
1 > Connection: Keep-Alive
1 > User-Agent: Apache-HttpClient/4.5.14 (Java/21.0.11)
1 > Accept-Encoding: gzip,deflate
{"gender":"male","status":"active","name":"Bruno Schuster","email":"anjanette79@test.com"}

10:21:33.695 [pool-2-thread-3] DEBUG com.intuit.karate - request:
1 > POST https://gorest.co.in/public/v2/users
1 > Accept: application/json
1 > Content-Type: application/json; charset=UTF-8
1 > Authorization: Bearer 587af75efde5f56f7b05bdf01877ca04490016ec9ffc5611020013e2f46df5e1
1 > Content-Length: 92
1 > Host: gorest.co.in
1 > Connection: Keep-Alive
1 > User-Agent: Apache-HttpClient/4.5.14 (Java/21.0.11)
1 > Accept-Encoding: gzip,deflate
{"gender":"male","status":"active","name":"Shawnta Schimmel","email":"nathaniel84@test.com"}

10:21:36.107 [pool-2-thread-1] DEBUG com.intuit.karate - response time in milliseconds: 2407
1 < 200
1 < Date: Wed, 26 Aug 2026 14:21:34 GMT
1 < Content-Type: application/json; charset=utf-8
1 < Transfer-Encoding: chunked
1 < Connection: keep-alive
1 < Cache-Control: max-age=0, private, must-revalidate
1 < content-security-policy-report-only: default-src 'self'; script-src 'self' https://pagead2.googlesyndication.com 'nonce-j5kF1saNf+DaX5uI0M0xuw=='; style-src 'self' 'unsafe-inline' https://fonts.googleapis.com; img-src 'self' data: https:; font-src 'self' https://fonts.gstatic.com; connect-src 'self' https://pagead2.googlesyndication.com https://ep1.adtrafficquality.google; frame-src https://googleads.g.doubleclick.net https://ep2.adtrafficquality.google https://www.google.com; object-src 'none'; frame-ancestors 'none'; base-uri 'self'; form-action 'self'
1 < etag: W/"eadd4962bed47b8ef01cbb00e4eb2f6c"
1 < feature-policy: camera 'none'; gyroscope 'none'; microphone 'none'; usb 'none'; fullscreen 'self'
1 < referrer-policy: strict-origin-when-cross-origin
1 < strict-transport-security: max-age=63072000; includeSubDomains
1 < vary: Origin
1 < x-content-type-options: nosniff
1 < x-frame-options: SAMEORIGIN
1 < x-links-current: https://gorest.co.in/public/v2/users?page=1
1 < x-links-next: https://gorest.co.in/public/v2/users?page=2
1 < x-links-previous: 
1 < x-pagination-limit: 10
1 < x-pagination-page: 1
1 < x-pagination-pages: 297
1 < x-pagination-total: 2968
1 < x-permitted-cross-domain-policies: none
1 < x-ratelimit-limit: 300
1 < x-ratelimit-remaining: 299
1 < x-ratelimit-reset: 0
1 < x-request-id: 889bae8b-5409-4b95-b5f6-4492c6b643dc
1 < x-runtime: 0.050574
1 < x-xss-protection: 0
1 < Nel: {"report_to":"cf-nel","success_fraction":0.0,"max_age":604800}
1 < cf-cache-status: DYNAMIC
1 < Report-To: {"group":"cf-nel","max_age":604800,"endpoints":[{"url":"https://a.nel.cloudflare.com/report/v4?s=b9RplDwfIN%2BchjNEjwKbtO5kf%2F7IJ5D6EOam%2FjluBxrLMviq2UrPwCSbMIiYz39k0qbcpv7yC2NhYBrXY3%2BC0twjy7BdNTRhsHt5ypmHkZffW1xNp93Fp4B2Zz4dFXM%3D"}]}
1 < Server: cloudflare
1 < CF-RAY: a3137bcd3ac78039-GRU
1 < alt-svc: h3=":443"; ma=86400
[{"id":8593420,"name":"Updated Name","email":"robbyn44@test.com","gender":"male","status":"inactive"},{"id":8593418,"name":"Rozella Koch","email":"kyle81@test.com","gender":"male","status":"active"},{"id":8593400,"name":"Tiffaney Turcotte","email":"lanny74@test.com","gender":"male","status":"active"},{"id":8593397,"name":"Guillermo Strosin","email":"kim20@test.com","gender":"male","status":"active"},{"id":8593396,"name":"Hilary Witting","email":"lesley99@test.com","gender":"male","status":"active"},{"id":8593379,"name":"Qiana Tromp","email":"samuel80@test.com","gender":"male","status":"active"},{"id":8593378,"name":"Sheldon Rice","email":"evelyn85@test.com","gender":"male","status":"active"},{"id":8593335,"name":"Akshainie Varman V","email":"v_akshainie_varman@bartoletti.example","gender":"female","status":"inactive"},{"id":8593334,"name":"Ambar Bhattacharya","email":"bhattacharya_ambar@nienow.test","gender":"female","status":"inactive"},{"id":8593332,"name":"Heema Marar","email":"marar_heema@hermiston.test","gender":"female","status":"active"}]

10:21:36.107 [pool-2-thread-4] DEBUG com.intuit.karate - response time in milliseconds: 2404
1 < 201
1 < Date: Wed, 26 Aug 2026 14:21:34 GMT
1 < Content-Type: application/json; charset=utf-8
1 < Content-Length: 103
1 < Connection: keep-alive
1 < Cache-Control: max-age=0, private, must-revalidate
1 < content-security-policy-report-only: default-src 'self'; script-src 'self' https://pagead2.googlesyndication.com 'nonce-aDxZLmZRMUFu7OuOK78h/Q=='; style-src 'self' 'unsafe-inline' https://fonts.googleapis.com; img-src 'self' data: https:; font-src 'self' https://fonts.gstatic.com; connect-src 'self' https://pagead2.googlesyndication.com https://ep1.adtrafficquality.google; frame-src https://googleads.g.doubleclick.net https://ep2.adtrafficquality.google https://www.google.com; object-src 'none'; frame-ancestors 'none'; base-uri 'self'; form-action 'self'
1 < etag: W/"e065e8e30539808872eb13742aa461fa"
1 < feature-policy: camera 'none'; gyroscope 'none'; microphone 'none'; usb 'none'; fullscreen 'self'
1 < location: https://gorest.co.in/public/v2/users/8593436
1 < referrer-policy: strict-origin-when-cross-origin
1 < strict-transport-security: max-age=63072000; includeSubDomains
1 < vary: Origin
1 < x-content-type-options: nosniff
1 < x-frame-options: SAMEORIGIN
1 < x-permitted-cross-domain-policies: none
1 < x-ratelimit-limit: 300
1 < x-ratelimit-remaining: 296
1 < x-ratelimit-reset: 1
1 < x-request-id: ef1d56ad-aac7-41c7-a62b-4cae27bf03c2
1 < x-runtime: 0.065694
1 < x-xss-protection: 0
1 < Nel: {"report_to":"cf-nel","success_fraction":0.0,"max_age":604800}
1 < cf-cache-status: DYNAMIC
1 < Report-To: {"group":"cf-nel","max_age":604800,"endpoints":[{"url":"https://a.nel.cloudflare.com/report/v4?s=gC4Yl%2BquM%2BmSrNfLM03SjVxgqfCL6ftSzzWZbC4VBX9Mf8z3ZwepV70H6nvHPOz7y37noWfbbh6cTevmob6VLR9AuI%2Ff%2BRAfjm%2BCRufWeYhYOVzpBlLNTAT6MN9o8DY%3D"}]}
1 < Server: cloudflare
1 < CF-RAY: a3137bcd4f32b5a4-GRU
1 < alt-svc: h3=":443"; ma=86400
{"id":8593436,"name":"Bruno Schuster","email":"anjanette79@test.com","gender":"male","status":"active"}

10:21:36.107 [pool-2-thread-3] DEBUG com.intuit.karate - response time in milliseconds: 2404
1 < 201
1 < Date: Wed, 26 Aug 2026 14:21:34 GMT
1 < Content-Type: application/json; charset=utf-8
1 < Content-Length: 105
1 < Connection: keep-alive
1 < Cache-Control: max-age=0, private, must-revalidate
1 < content-security-policy-report-only: default-src 'self'; script-src 'self' https://pagead2.googlesyndication.com 'nonce-utaPjuath9jfx0nb7pxfYg=='; style-src 'self' 'unsafe-inline' https://fonts.googleapis.com; img-src 'self' data: https:; font-src 'self' https://fonts.gstatic.com; connect-src 'self' https://pagead2.googlesyndication.com https://ep1.adtrafficquality.google; frame-src https://googleads.g.doubleclick.net https://ep2.adtrafficquality.google https://www.google.com; object-src 'none'; frame-ancestors 'none'; base-uri 'self'; form-action 'self'
1 < etag: W/"0d889242ae93a626847869b138288502"
1 < feature-policy: camera 'none'; gyroscope 'none'; microphone 'none'; usb 'none'; fullscreen 'self'
1 < location: https://gorest.co.in/public/v2/users/8593437
1 < referrer-policy: strict-origin-when-cross-origin
1 < strict-transport-security: max-age=63072000; includeSubDomains
1 < vary: Origin
1 < x-content-type-options: nosniff
1 < x-frame-options: SAMEORIGIN
1 < x-permitted-cross-domain-policies: none
1 < x-ratelimit-limit: 300
1 < x-ratelimit-remaining: 297
1 < x-ratelimit-reset: 0
1 < x-request-id: 9ac9ea7f-c284-49de-94dc-6fc3fce9c024
1 < x-runtime: 0.067007
1 < x-xss-protection: 0
1 < Nel: {"report_to":"cf-nel","success_fraction":0.0,"max_age":604800}
1 < cf-cache-status: DYNAMIC
1 < Report-To: {"group":"cf-nel","max_age":604800,"endpoints":[{"url":"https://a.nel.cloudflare.com/report/v4?s=fJIjHNSeAKvQJ9b1rMzX3OibFiSnZCuyInCWEvo7i4%2FKSXqnVLkk%2B7h9Ib94SnuHC0azq25COgitseMKA%2BcpOu8iYnZhNL6IhBlJAQuUa3GnGhGo4fWxmAMZdZKfP0k%3D"}]}
1 < Server: cloudflare
1 < CF-RAY: a3137bcd4f7bf1ee-GRU
1 < alt-svc: h3=":443"; ma=86400
{"id":8593437,"name":"Shawnta Schimmel","email":"nathaniel84@test.com","gender":"male","status":"active"}

10:21:36.107 [pool-2-thread-2] DEBUG com.intuit.karate - response time in milliseconds: 2404
1 < 201
1 < Date: Wed, 26 Aug 2026 14:21:34 GMT
1 < Content-Type: application/json; charset=utf-8
1 < Content-Length: 97
1 < Connection: keep-alive
1 < Cache-Control: max-age=0, private, must-revalidate
1 < content-security-policy-report-only: default-src 'self'; script-src 'self' https://pagead2.googlesyndication.com 'nonce-QP+X71jdoVccq6bVqyFbtQ=='; style-src 'self' 'unsafe-inline' https://fonts.googleapis.com; img-src 'self' data: https:; font-src 'self' https://fonts.gstatic.com; connect-src 'self' https://pagead2.googlesyndication.com https://ep1.adtrafficquality.google; frame-src https://googleads.g.doubleclick.net https://ep2.adtrafficquality.google https://www.google.com; object-src 'none'; frame-ancestors 'none'; base-uri 'self'; form-action 'self'
1 < etag: W/"e66d1f745cee66c9ebc605c4283f27cb"
1 < feature-policy: camera 'none'; gyroscope 'none'; microphone 'none'; usb 'none'; fullscreen 'self'
1 < location: https://gorest.co.in/public/v2/users/8593435
1 < referrer-policy: strict-origin-when-cross-origin
1 < strict-transport-security: max-age=63072000; includeSubDomains
1 < vary: Origin
1 < x-content-type-options: nosniff
1 < x-frame-options: SAMEORIGIN
1 < x-permitted-cross-domain-policies: none
1 < x-ratelimit-limit: 300
1 < x-ratelimit-remaining: 298
1 < x-ratelimit-reset: 0
1 < x-request-id: 29a175f1-0a23-47c5-a8ce-5c75fc715e92
1 < x-runtime: 0.066442
1 < x-xss-protection: 0
1 < Nel: {"report_to":"cf-nel","success_fraction":0.0,"max_age":604800}
1 < cf-cache-status: DYNAMIC
1 < Report-To: {"group":"cf-nel","max_age":604800,"endpoints":[{"url":"https://a.nel.cloudflare.com/report/v4?s=HMb%2BTULiZ6KSkC5AFgCXA4R239YSJ56Dkf4jXYrJmCqc9r6nMixbCz8JozjIUGHcmuwyW6FjnHpHKbyjsfEipeeBZlWHj3UIhpTrft8xOG20OeVl9ThC8htIPGX%2BA98%3D"}]}
1 < Server: cloudflare
1 < CF-RAY: a3137bcd3c5d5cf3-GRU
1 < alt-svc: h3=":443"; ma=86400
{"id":8593435,"name":"Shay Strosin","email":"abram80@test.com","gender":"male","status":"active"}

10:21:36.150 [pool-2-thread-2] DEBUG com.intuit.karate - request:
2 > GET https://gorest.co.in/public/v2/users/8593435
2 > Authorization: Bearer 587af75efde5f56f7b05bdf01877ca04490016ec9ffc5611020013e2f46df5e1
2 > Host: gorest.co.in
2 > Connection: Keep-Alive
2 > User-Agent: Apache-HttpClient/4.5.14 (Java/21.0.11)
2 > Accept-Encoding: gzip,deflate


10:21:36.150 [pool-2-thread-4] DEBUG com.intuit.karate - request:
2 > DELETE https://gorest.co.in/public/v2/users/8593436
2 > Authorization: Bearer 587af75efde5f56f7b05bdf01877ca04490016ec9ffc5611020013e2f46df5e1
2 > Host: gorest.co.in
2 > Connection: Keep-Alive
2 > User-Agent: Apache-HttpClient/4.5.14 (Java/21.0.11)
2 > Accept-Encoding: gzip,deflate


10:21:37.603 [pool-2-thread-4] DEBUG com.intuit.karate - response time in milliseconds: 1450
2 < 204
2 < Date: Wed, 26 Aug 2026 14:21:36 GMT
2 < Connection: keep-alive
2 < Cache-Control: no-cache
2 < content-security-policy-report-only: default-src 'self'; script-src 'self' https://pagead2.googlesyndication.com 'nonce-BDcESr1lSuAp0Q8rOY/aTg=='; style-src 'self' 'unsafe-inline' https://fonts.googleapis.com; img-src 'self' data: https:; font-src 'self' https://fonts.gstatic.com; connect-src 'self' https://pagead2.googlesyndication.com https://ep1.adtrafficquality.google; frame-src https://googleads.g.doubleclick.net https://ep2.adtrafficquality.google https://www.google.com; object-src 'none'; frame-ancestors 'none'; base-uri 'self'; form-action 'self'
2 < feature-policy: camera 'none'; gyroscope 'none'; microphone 'none'; usb 'none'; fullscreen 'self'
2 < referrer-policy: strict-origin-when-cross-origin
2 < strict-transport-security: max-age=63072000; includeSubDomains
2 < vary: Origin
2 < x-content-type-options: nosniff
2 < x-frame-options: SAMEORIGIN
2 < x-permitted-cross-domain-policies: none
2 < x-ratelimit-limit: 300
2 < x-ratelimit-remaining: 298
2 < x-ratelimit-reset: 0
2 < x-request-id: 53436a88-a159-4f30-833f-36dfbb1b54cb
2 < x-runtime: 0.052095
2 < x-xss-protection: 0
2 < cf-cache-status: DYNAMIC
2 < Server-Timing: cfCacheStatus;desc="DYNAMIC"
2 < Server-Timing: cfEdge;dur=13,cfOrigin;dur=1262
2 < Report-To: {"group":"cf-nel","max_age":604800,"endpoints":[{"url":"https://a.nel.cloudflare.com/report/v4?s=ksqm7VDZ7byS0KNG5%2BrNI6HijG88CIv8%2BEx0sHxXFB3%2FxJldiIV8xC610W01a5oyEVxZGOUCVFVf2xkZ14ZoWQlJol%2FxqignNm0VDMYkyhC7iVTg0zS7jrSWnMrTrXE%3D"}]}
2 < Nel: {"report_to":"cf-nel","success_fraction":0.0,"max_age":604800}
2 < Server: cloudflare
2 < CF-RAY: a3137bd6ef28f258-GRU
2 < alt-svc: h3=":443"; ma=86400


10:21:37.603 [pool-2-thread-2] DEBUG com.intuit.karate - response time in milliseconds: 1450
2 < 200
2 < Date: Wed, 26 Aug 2026 14:21:36 GMT
2 < Content-Type: application/json; charset=utf-8
2 < Transfer-Encoding: chunked
2 < Connection: keep-alive
2 < Cache-Control: max-age=0, private, must-revalidate
2 < content-security-policy-report-only: default-src 'self'; script-src 'self' https://pagead2.googlesyndication.com 'nonce-Nx0FtenK2/mfnbUNGnewAw=='; style-src 'self' 'unsafe-inline' https://fonts.googleapis.com; img-src 'self' data: https:; font-src 'self' https://fonts.gstatic.com; connect-src 'self' https://pagead2.googlesyndication.com https://ep1.adtrafficquality.google; frame-src https://googleads.g.doubleclick.net https://ep2.adtrafficquality.google https://www.google.com; object-src 'none'; frame-ancestors 'none'; base-uri 'self'; form-action 'self'
2 < etag: W/"e66d1f745cee66c9ebc605c4283f27cb"
2 < feature-policy: camera 'none'; gyroscope 'none'; microphone 'none'; usb 'none'; fullscreen 'self'
2 < referrer-policy: strict-origin-when-cross-origin
2 < strict-transport-security: max-age=63072000; includeSubDomains
2 < vary: Origin
2 < x-content-type-options: nosniff
2 < x-frame-options: SAMEORIGIN
2 < x-permitted-cross-domain-policies: none
2 < x-ratelimit-limit: 300
2 < x-ratelimit-remaining: 299
2 < x-ratelimit-reset: 0
2 < x-request-id: db18f400-7de6-4176-9619-da3619da0dd9
2 < x-runtime: 0.032928
2 < x-xss-protection: 0
2 < Nel: {"report_to":"cf-nel","success_fraction":0.0,"max_age":604800}
2 < cf-cache-status: DYNAMIC
2 < Server-Timing: cfCacheStatus;desc="DYNAMIC"
2 < Server-Timing: cfEdge;dur=12,cfOrigin;dur=1222
2 < Report-To: {"group":"cf-nel","max_age":604800,"endpoints":[{"url":"https://a.nel.cloudflare.com/report/v4?s=PA%2FtNcUrZm4UOHizPFpONKF%2F7RBMONOy2SkbIxlwBu%2BSyhQE6%2BNrAupbhpG0dD7OQFk6cJTdd69A7gHmggm5RWq78FgbJ%2F6R5tX9UwZX9EVILhmxCkTADqp6zhgtS%2Bc%3D"}]}
2 < Server: cloudflare
2 < CF-RAY: a3137bd6e886f262-GRU
2 < alt-svc: h3=":443"; ma=86400
{"id":8593435,"name":"Shay Strosin","email":"abram80@test.com","gender":"male","status":"active"}

10:21:39.161 [pool-3-thread-1] INFO  com.intuit.karate.Suite - <<pass>> feature 1 of 1 (0 remaining) classpath:examples/gorest/users.feature
10:28:58.616 [main] DEBUG com.intuit.karate.Suite - [config] classpath:karate-config.js
10:28:58.624 [main] WARN  com.intuit.karate.Suite - failed to backup existing dir: target\karate-reports
10:29:00.562 [pool-2-thread-3] INFO  com.intuit.karate - karate.env system property was: null 
10:29:00.562 [pool-2-thread-4] INFO  com.intuit.karate - karate.env system property was: null 
10:29:00.562 [pool-2-thread-1] INFO  com.intuit.karate - karate.env system property was: null 
10:29:00.562 [pool-2-thread-2] INFO  com.intuit.karate - karate.env system property was: null 
10:29:00.562 [pool-2-thread-5] INFO  com.intuit.karate - karate.env system property was: null 
10:29:01.590 [pool-2-thread-5] DEBUG com.intuit.karate - request:
1 > POST https://gorest.co.in/public/v2/users
1 > Accept: application/json
1 > Content-Type: application/json; charset=UTF-8
1 > Authorization: Bearer 587af75efde5f56f7b05bdf01877ca04490016ec9ffc5611020013e2f46df5e1
1 > Content-Length: 88
1 > Host: gorest.co.in
1 > Connection: Keep-Alive
1 > User-Agent: Apache-HttpClient/4.5.14 (Java/21.0.11)
1 > Accept-Encoding: gzip,deflate
{"gender":"male","status":"active","name":"Maxwell Dickinson","email":"adan35@test.com"}

10:29:01.590 [pool-2-thread-4] DEBUG com.intuit.karate - request:
1 > POST https://gorest.co.in/public/v2/users
1 > Accept: application/json
1 > Content-Type: application/json; charset=UTF-8
1 > Authorization: Bearer 587af75efde5f56f7b05bdf01877ca04490016ec9ffc5611020013e2f46df5e1
1 > Content-Length: 87
1 > Host: gorest.co.in
1 > Connection: Keep-Alive
1 > User-Agent: Apache-HttpClient/4.5.14 (Java/21.0.11)
1 > Accept-Encoding: gzip,deflate
{"gender":"male","status":"active","name":"Ruthie Padberg","email":"olevia32@test.com"}

10:29:01.590 [pool-2-thread-1] DEBUG com.intuit.karate - request:
1 > GET https://gorest.co.in/public/v2/users
1 > Accept: application/json
1 > Content-Type: application/json
1 > Authorization: Bearer 587af75efde5f56f7b05bdf01877ca04490016ec9ffc5611020013e2f46df5e1
1 > Host: gorest.co.in
1 > Connection: Keep-Alive
1 > User-Agent: Apache-HttpClient/4.5.14 (Java/21.0.11)
1 > Accept-Encoding: gzip,deflate


10:29:01.590 [pool-2-thread-2] DEBUG com.intuit.karate - request:
1 > POST https://gorest.co.in/public/v2/users
1 > Accept: application/json
1 > Content-Type: application/json; charset=UTF-8
1 > Authorization: Bearer 587af75efde5f56f7b05bdf01877ca04490016ec9ffc5611020013e2f46df5e1
1 > Content-Length: 85
1 > Host: gorest.co.in
1 > Connection: Keep-Alive
1 > User-Agent: Apache-HttpClient/4.5.14 (Java/21.0.11)
1 > Accept-Encoding: gzip,deflate
{"gender":"male","status":"active","name":"Aleen Cummings","email":"zora78@test.com"}

10:29:01.590 [pool-2-thread-3] DEBUG com.intuit.karate - request:
1 > POST https://gorest.co.in/public/v2/users
1 > Accept: application/json
1 > Content-Type: application/json; charset=UTF-8
1 > Authorization: Bearer 587af75efde5f56f7b05bdf01877ca04490016ec9ffc5611020013e2f46df5e1
1 > Content-Length: 84
1 > Host: gorest.co.in
1 > Connection: Keep-Alive
1 > User-Agent: Apache-HttpClient/4.5.14 (Java/21.0.11)
1 > Accept-Encoding: gzip,deflate
{"gender":"male","status":"active","name":"Jamal Paucek","email":"jules14@test.com"}

10:29:04.086 [pool-2-thread-4] DEBUG com.intuit.karate - response time in milliseconds: 2488
1 < 201
1 < Date: Wed, 26 Aug 2026 14:29:02 GMT
1 < Content-Type: application/json; charset=utf-8
1 < Content-Length: 100
1 < Connection: keep-alive
1 < Cache-Control: max-age=0, private, must-revalidate
1 < content-security-policy-report-only: default-src 'self'; script-src 'self' https://pagead2.googlesyndication.com 'nonce-CrTmDcmlr89ugaZ5sJOWbw=='; style-src 'self' 'unsafe-inline' https://fonts.googleapis.com; img-src 'self' data: https:; font-src 'self' https://fonts.gstatic.com; connect-src 'self' https://pagead2.googlesyndication.com https://ep1.adtrafficquality.google; frame-src https://googleads.g.doubleclick.net https://ep2.adtrafficquality.google https://www.google.com; object-src 'none'; frame-ancestors 'none'; base-uri 'self'; form-action 'self'
1 < etag: W/"1e5d97706d5e72369d2567bccbacd6bc"
1 < feature-policy: camera 'none'; gyroscope 'none'; microphone 'none'; usb 'none'; fullscreen 'self'
1 < location: https://gorest.co.in/public/v2/users/8593445
1 < referrer-policy: strict-origin-when-cross-origin
1 < strict-transport-security: max-age=63072000; includeSubDomains
1 < vary: Origin
1 < x-content-type-options: nosniff
1 < x-frame-options: SAMEORIGIN
1 < x-permitted-cross-domain-policies: none
1 < x-ratelimit-limit: 300
1 < x-ratelimit-remaining: 297
1 < x-ratelimit-reset: 0
1 < x-request-id: e2ee26a4-ffd9-4132-86ec-3352840da561
1 < x-runtime: 0.067353
1 < x-xss-protection: 0
1 < Nel: {"report_to":"cf-nel","success_fraction":0.0,"max_age":604800}
1 < cf-cache-status: DYNAMIC
1 < Report-To: {"group":"cf-nel","max_age":604800,"endpoints":[{"url":"https://a.nel.cloudflare.com/report/v4?s=RATSc4EmCrsIEY6FiBBm1So%2BTqO33pjgYLbR0tzvlML7z5Q0DxsUxbbJrc73Uuu8pJkL%2FhIj3klngQg8EbbuwNR0xxtauTE3mxEwwU8%2Fr5UQeXH%2BDb8%2BY2M%2BFsdDvhg%3D"}]}
1 < Server: cloudflare
1 < CF-RAY: a31386bcbe1900fa-GRU
1 < alt-svc: h3=":443"; ma=86400
{"id":8593445,"name":"Ruthie Padberg","email":"olevia32@test.com","gender":"male","status":"active"}

10:29:04.086 [pool-2-thread-1] DEBUG com.intuit.karate - response time in milliseconds: 2490
1 < 200
1 < Date: Wed, 26 Aug 2026 14:29:02 GMT
1 < Content-Type: application/json; charset=utf-8
1 < Transfer-Encoding: chunked
1 < Connection: keep-alive
1 < Cache-Control: max-age=0, private, must-revalidate
1 < content-security-policy-report-only: default-src 'self'; script-src 'self' https://pagead2.googlesyndication.com 'nonce-DkXB6KfDoHCZibE03LkeNA=='; style-src 'self' 'unsafe-inline' https://fonts.googleapis.com; img-src 'self' data: https:; font-src 'self' https://fonts.gstatic.com; connect-src 'self' https://pagead2.googlesyndication.com https://ep1.adtrafficquality.google; frame-src https://googleads.g.doubleclick.net https://ep2.adtrafficquality.google https://www.google.com; object-src 'none'; frame-ancestors 'none'; base-uri 'self'; form-action 'self'
1 < etag: W/"cd52e457544722a7bfe7b5d9ad129633"
1 < feature-policy: camera 'none'; gyroscope 'none'; microphone 'none'; usb 'none'; fullscreen 'self'
1 < referrer-policy: strict-origin-when-cross-origin
1 < strict-transport-security: max-age=63072000; includeSubDomains
1 < vary: Origin
1 < x-content-type-options: nosniff
1 < x-frame-options: SAMEORIGIN
1 < x-links-current: https://gorest.co.in/public/v2/users?page=1
1 < x-links-next: https://gorest.co.in/public/v2/users?page=2
1 < x-links-previous: 
1 < x-pagination-limit: 10
1 < x-pagination-page: 1
1 < x-pagination-pages: 298
1 < x-pagination-total: 2974
1 < x-permitted-cross-domain-policies: none
1 < x-ratelimit-limit: 300
1 < x-ratelimit-remaining: 295
1 < x-ratelimit-reset: 1
1 < x-request-id: 6bbb21f9-44b1-4210-adb2-21e3740900af
1 < x-runtime: 0.047105
1 < x-xss-protection: 0
1 < Nel: {"report_to":"cf-nel","success_fraction":0.0,"max_age":604800}
1 < cf-cache-status: DYNAMIC
1 < Report-To: {"group":"cf-nel","max_age":604800,"endpoints":[{"url":"https://a.nel.cloudflare.com/report/v4?s=988VBwDczdkjobcW7VuHEGt6n9MrzxYXHl2jyIO65CuFGUls49HS5zDOb2YyKz%2BcVYNaJhplNoGDZsMFDg3i0NsoVnafPlCo7XcJAJrz03%2BCOQD5Xw6AafXL4KAFKu8%3D"}]}
1 < Server: cloudflare
1 < CF-RAY: a31386bcb84536f6-GRU
1 < alt-svc: h3=":443"; ma=86400
[{"id":8593446,"name":"Maxwell Dickinson","email":"adan35@test.com","gender":"male","status":"active"},{"id":8593445,"name":"Ruthie Padberg","email":"olevia32@test.com","gender":"male","status":"active"},{"id":8593444,"name":"Aleen Cummings","email":"zora78@test.com","gender":"male","status":"active"},{"id":8593443,"name":"Jamal Paucek","email":"jules14@test.com","gender":"male","status":"active"},{"id":8593437,"name":"Shawnta Schimmel","email":"nathaniel84@test.com","gender":"male","status":"active"},{"id":8593435,"name":"Shay Strosin","email":"abram80@test.com","gender":"male","status":"active"},{"id":8593420,"name":"Updated Name","email":"robbyn44@test.com","gender":"male","status":"inactive"},{"id":8593418,"name":"Rozella Koch","email":"kyle81@test.com","gender":"male","status":"active"},{"id":8593400,"name":"Tiffaney Turcotte","email":"lanny74@test.com","gender":"male","status":"active"},{"id":8593397,"name":"Guillermo Strosin","email":"kim20@test.com","gender":"male","status":"active"}]

10:29:04.086 [pool-2-thread-2] DEBUG com.intuit.karate - response time in milliseconds: 2488
1 < 201
1 < Date: Wed, 26 Aug 2026 14:29:02 GMT
1 < Content-Type: application/json; charset=utf-8
1 < Content-Length: 98
1 < Connection: keep-alive
1 < Cache-Control: max-age=0, private, must-revalidate
1 < content-security-policy-report-only: default-src 'self'; script-src 'self' https://pagead2.googlesyndication.com 'nonce-Trqsezowcu0ClrZ1HqTKeQ=='; style-src 'self' 'unsafe-inline' https://fonts.googleapis.com; img-src 'self' data: https:; font-src 'self' https://fonts.gstatic.com; connect-src 'self' https://pagead2.googlesyndication.com https://ep1.adtrafficquality.google; frame-src https://googleads.g.doubleclick.net https://ep2.adtrafficquality.google https://www.google.com; object-src 'none'; frame-ancestors 'none'; base-uri 'self'; form-action 'self'
1 < etag: W/"d6d459fbee7306cf05acdb46e3bb9423"
1 < feature-policy: camera 'none'; gyroscope 'none'; microphone 'none'; usb 'none'; fullscreen 'self'
1 < location: https://gorest.co.in/public/v2/users/8593444
1 < referrer-policy: strict-origin-when-cross-origin
1 < strict-transport-security: max-age=63072000; includeSubDomains
1 < vary: Origin
1 < x-content-type-options: nosniff
1 < x-frame-options: SAMEORIGIN
1 < x-permitted-cross-domain-policies: none
1 < x-ratelimit-limit: 300
1 < x-ratelimit-remaining: 298
1 < x-ratelimit-reset: 0
1 < x-request-id: 7d648850-771c-4fda-8e2a-f610b9fc22c8
1 < x-runtime: 0.062314
1 < x-xss-protection: 0
1 < Nel: {"report_to":"cf-nel","success_fraction":0.0,"max_age":604800}
1 < cf-cache-status: DYNAMIC
1 < Report-To: {"group":"cf-nel","max_age":604800,"endpoints":[{"url":"https://a.nel.cloudflare.com/report/v4?s=Pqh5a5Xv9gVYZTSPWFzYHBniDcR4s8sYHoReWnUq9MU4ct%2BOHqBhs3%2F8b9HIpt2E1tZ2s3L%2FK3DGaaIIgEpEUj3T1Rc6j2GbR1UoTR0nFPbW%2FYF9SvfkZSV7ujS39AY%3D"}]}
1 < Server: cloudflare
1 < CF-RAY: a31386bcbafcf89b-GRU
1 < alt-svc: h3=":443"; ma=86400
{"id":8593444,"name":"Aleen Cummings","email":"zora78@test.com","gender":"male","status":"active"}

10:29:04.086 [pool-2-thread-5] DEBUG com.intuit.karate - response time in milliseconds: 2488
1 < 201
1 < Date: Wed, 26 Aug 2026 14:29:02 GMT
1 < Content-Type: application/json; charset=utf-8
1 < Content-Length: 101
1 < Connection: keep-alive
1 < Cache-Control: max-age=0, private, must-revalidate
1 < content-security-policy-report-only: default-src 'self'; script-src 'self' https://pagead2.googlesyndication.com 'nonce-S8K/WNzQ4eG7Eqm8rbMBFQ=='; style-src 'self' 'unsafe-inline' https://fonts.googleapis.com; img-src 'self' data: https:; font-src 'self' https://fonts.gstatic.com; connect-src 'self' https://pagead2.googlesyndication.com https://ep1.adtrafficquality.google; frame-src https://googleads.g.doubleclick.net https://ep2.adtrafficquality.google https://www.google.com; object-src 'none'; frame-ancestors 'none'; base-uri 'self'; form-action 'self'
1 < etag: W/"28281242fa9ac40c2cd46574641fcd60"
1 < feature-policy: camera 'none'; gyroscope 'none'; microphone 'none'; usb 'none'; fullscreen 'self'
1 < location: https://gorest.co.in/public/v2/users/8593446
1 < referrer-policy: strict-origin-when-cross-origin
1 < strict-transport-security: max-age=63072000; includeSubDomains
1 < vary: Origin
1 < x-content-type-options: nosniff
1 < x-frame-options: SAMEORIGIN
1 < x-permitted-cross-domain-policies: none
1 < x-ratelimit-limit: 300
1 < x-ratelimit-remaining: 296
1 < x-ratelimit-reset: 1
1 < x-request-id: bd496a2a-4730-418f-9b4a-97bd68b5ce49
1 < x-runtime: 0.075559
1 < x-xss-protection: 0
1 < Nel: {"report_to":"cf-nel","success_fraction":0.0,"max_age":604800}
1 < cf-cache-status: DYNAMIC
1 < Report-To: {"group":"cf-nel","max_age":604800,"endpoints":[{"url":"https://a.nel.cloudflare.com/report/v4?s=XlLgg7Q5r21MU4qNsDTBM%2BS6zO4FU1WwwgopW397UVHMZpam%2F2ath3a2QhU9zt2j%2FzmsthHvB%2Bpuhd%2FY1Xx405XHIQSYSNiZ5GpxOo3ZTI4PzTybO9q9qfueyKg3d9o%3D"}]}
1 < Server: cloudflare
1 < CF-RAY: a31386bcbd31fb78-GRU
1 < alt-svc: h3=":443"; ma=86400
{"id":8593446,"name":"Maxwell Dickinson","email":"adan35@test.com","gender":"male","status":"active"}

10:29:04.086 [pool-2-thread-3] DEBUG com.intuit.karate - response time in milliseconds: 2487
1 < 201
1 < Date: Wed, 26 Aug 2026 14:29:02 GMT
1 < Content-Type: application/json; charset=utf-8
1 < Content-Length: 97
1 < Connection: keep-alive
1 < Cache-Control: max-age=0, private, must-revalidate
1 < content-security-policy-report-only: default-src 'self'; script-src 'self' https://pagead2.googlesyndication.com 'nonce-Lj1VCUSpGEwSia5d38Tttg=='; style-src 'self' 'unsafe-inline' https://fonts.googleapis.com; img-src 'self' data: https:; font-src 'self' https://fonts.gstatic.com; connect-src 'self' https://pagead2.googlesyndication.com https://ep1.adtrafficquality.google; frame-src https://googleads.g.doubleclick.net https://ep2.adtrafficquality.google https://www.google.com; object-src 'none'; frame-ancestors 'none'; base-uri 'self'; form-action 'self'
1 < etag: W/"4081329e74e3a24458db87c90ed1c5fe"
1 < feature-policy: camera 'none'; gyroscope 'none'; microphone 'none'; usb 'none'; fullscreen 'self'
1 < location: https://gorest.co.in/public/v2/users/8593443
1 < referrer-policy: strict-origin-when-cross-origin
1 < strict-transport-security: max-age=63072000; includeSubDomains
1 < vary: Origin
1 < x-content-type-options: nosniff
1 < x-frame-options: SAMEORIGIN
1 < x-permitted-cross-domain-policies: none
1 < x-ratelimit-limit: 300
1 < x-ratelimit-remaining: 299
1 < x-ratelimit-reset: 0
1 < x-request-id: 97c5735e-74b5-49cd-af6d-c1e7bd84c65c
1 < x-runtime: 0.063412
1 < x-xss-protection: 0
1 < Nel: {"report_to":"cf-nel","success_fraction":0.0,"max_age":604800}
1 < cf-cache-status: DYNAMIC
1 < Report-To: {"group":"cf-nel","max_age":604800,"endpoints":[{"url":"https://a.nel.cloudflare.com/report/v4?s=dOqEMOzI8qeogXOPJWQ0roGXPXQShEe8NTG9AscFLzc%2BrIhoQevCIJ4xc5GhC9gTuOwzO5bwmrb%2FTZkeDqHT4oZctUI8L0qzdAq7XoijpJF773QUdQm%2FWMxvf8h%2B6po%3D"}]}
1 < Server: cloudflare
1 < CF-RAY: a31386bcbd22f1db-GRU
1 < alt-svc: h3=":443"; ma=86400
{"id":8593443,"name":"Jamal Paucek","email":"jules14@test.com","gender":"male","status":"active"}

10:29:04.165 [pool-2-thread-5] DEBUG com.intuit.karate - request:
2 > DELETE https://gorest.co.in/public/v2/users/8593446
2 > Authorization: Bearer 587af75efde5f56f7b05bdf01877ca04490016ec9ffc5611020013e2f46df5e1
2 > Host: gorest.co.in
2 > Connection: Keep-Alive
2 > User-Agent: Apache-HttpClient/4.5.14 (Java/21.0.11)
2 > Accept-Encoding: gzip,deflate


10:29:04.165 [pool-2-thread-2] DEBUG com.intuit.karate - request:
2 > GET https://gorest.co.in/public/v2/users/8593444
2 > Authorization: Bearer 587af75efde5f56f7b05bdf01877ca04490016ec9ffc5611020013e2f46df5e1
2 > Host: gorest.co.in
2 > Connection: Keep-Alive
2 > User-Agent: Apache-HttpClient/4.5.14 (Java/21.0.11)
2 > Accept-Encoding: gzip,deflate


10:29:04.165 [pool-2-thread-4] DEBUG com.intuit.karate - request:
2 > PUT https://gorest.co.in/public/v2/users/8593445
2 > Authorization: Bearer 587af75efde5f56f7b05bdf01877ca04490016ec9ffc5611020013e2f46df5e1
2 > Host: gorest.co.in
2 > Connection: Keep-Alive
2 > User-Agent: Apache-HttpClient/4.5.14 (Java/21.0.11)
2 > Accept-Encoding: gzip,deflate


10:29:04.969 [pool-2-thread-2] DEBUG com.intuit.karate - response time in milliseconds: 803
2 < 200
2 < Date: Wed, 26 Aug 2026 14:29:03 GMT
2 < Content-Type: application/json; charset=utf-8
2 < Transfer-Encoding: chunked
2 < Connection: keep-alive
2 < Cache-Control: max-age=0, private, must-revalidate
2 < content-security-policy-report-only: default-src 'self'; script-src 'self' https://pagead2.googlesyndication.com 'nonce-fRJfZF1YUtfSvj9PXPMQlg=='; style-src 'self' 'unsafe-inline' https://fonts.googleapis.com; img-src 'self' data: https:; font-src 'self' https://fonts.gstatic.com; connect-src 'self' https://pagead2.googlesyndication.com https://ep1.adtrafficquality.google; frame-src https://googleads.g.doubleclick.net https://ep2.adtrafficquality.google https://www.google.com; object-src 'none'; frame-ancestors 'none'; base-uri 'self'; form-action 'self'
2 < etag: W/"d6d459fbee7306cf05acdb46e3bb9423"
2 < feature-policy: camera 'none'; gyroscope 'none'; microphone 'none'; usb 'none'; fullscreen 'self'
2 < referrer-policy: strict-origin-when-cross-origin
2 < strict-transport-security: max-age=63072000; includeSubDomains
2 < vary: Origin
2 < x-content-type-options: nosniff
2 < x-frame-options: SAMEORIGIN
2 < x-permitted-cross-domain-policies: none
2 < x-ratelimit-limit: 300
2 < x-ratelimit-remaining: 298
2 < x-ratelimit-reset: 0
2 < x-request-id: caa3662b-bfd9-4782-a754-c5b0474d1a84
2 < x-runtime: 0.027450
2 < x-xss-protection: 0
2 < Nel: {"report_to":"cf-nel","success_fraction":0.0,"max_age":604800}
2 < cf-cache-status: DYNAMIC
2 < Server-Timing: cfCacheStatus;desc="DYNAMIC"
2 < Server-Timing: cfEdge;dur=10,cfOrigin;dur=424
2 < Report-To: {"group":"cf-nel","max_age":604800,"endpoints":[{"url":"https://a.nel.cloudflare.com/report/v4?s=%2F6LTImBAWvfr6N%2FMuTSkeLTMcSM%2BsHngyDjKTRrZcSvumgSWHmHXr6groLQ8sFknfUZc%2F2KYqarLLkQj%2FpDfqwaj6%2FlKeHt6NhqPxEGaFAJdS52N5YLz6fybIK00ceo%3D"}]}
2 < Server: cloudflare
2 < CF-RAY: a31386c7e8e8464c-GRU
2 < alt-svc: h3=":443"; ma=86400
{"id":8593444,"name":"Aleen Cummings","email":"zora78@test.com","gender":"male","status":"active"}

10:29:05.888 [pool-2-thread-5] DEBUG com.intuit.karate - response time in milliseconds: 1722
2 < 204
2 < Date: Wed, 26 Aug 2026 14:29:04 GMT
2 < Connection: keep-alive
2 < Cache-Control: no-cache
2 < content-security-policy-report-only: default-src 'self'; script-src 'self' https://pagead2.googlesyndication.com 'nonce-ddElM1FcFYL6unjw1/VQDQ=='; style-src 'self' 'unsafe-inline' https://fonts.googleapis.com; img-src 'self' data: https:; font-src 'self' https://fonts.gstatic.com; connect-src 'self' https://pagead2.googlesyndication.com https://ep1.adtrafficquality.google; frame-src https://googleads.g.doubleclick.net https://ep2.adtrafficquality.google https://www.google.com; object-src 'none'; frame-ancestors 'none'; base-uri 'self'; form-action 'self'
2 < feature-policy: camera 'none'; gyroscope 'none'; microphone 'none'; usb 'none'; fullscreen 'self'
2 < referrer-policy: strict-origin-when-cross-origin
2 < strict-transport-security: max-age=63072000; includeSubDomains
2 < vary: Origin
2 < x-content-type-options: nosniff
2 < x-frame-options: SAMEORIGIN
2 < x-permitted-cross-domain-policies: none
2 < x-ratelimit-limit: 300
2 < x-ratelimit-remaining: 298
2 < x-ratelimit-reset: 0
2 < x-request-id: b6edfd01-7b06-4509-af6d-16582f9df2c1
2 < x-runtime: 0.051894
2 < x-xss-protection: 0
2 < cf-cache-status: DYNAMIC
2 < Server-Timing: cfCacheStatus;desc="DYNAMIC"
2 < Server-Timing: cfEdge;dur=17,cfOrigin;dur=1258
2 < Report-To: {"group":"cf-nel","max_age":604800,"endpoints":[{"url":"https://a.nel.cloudflare.com/report/v4?s=Mww9Uigeze71i%2BkLD5KVhBgZkO5pSk5s9dmza8K3IXHrg5kr%2BUtLycs6uIGzZ6%2BW1z9pJeeRWM2U9hluH%2FkneCCkUtfO52rYFnYTg6wZO6pxEx0%2F3fhJKKQJlBUI0ME%3D"}]}
2 < Nel: {"report_to":"cf-nel","success_fraction":0.0,"max_age":604800}
2 < Server: cloudflare
2 < CF-RAY: a31386c7e996a537-GRU
2 < alt-svc: h3=":443"; ma=86400


10:29:05.888 [pool-2-thread-4] DEBUG com.intuit.karate - response time in milliseconds: 1719
2 < 200
2 < Date: Wed, 26 Aug 2026 14:29:04 GMT
2 < Content-Type: application/json; charset=utf-8
2 < Transfer-Encoding: chunked
2 < Connection: keep-alive
2 < Cache-Control: max-age=0, private, must-revalidate
2 < content-security-policy-report-only: default-src 'self'; script-src 'self' https://pagead2.googlesyndication.com 'nonce-XgERA3XlCWx2Yq/Ri+rJFw=='; style-src 'self' 'unsafe-inline' https://fonts.googleapis.com; img-src 'self' data: https:; font-src 'self' https://fonts.gstatic.com; connect-src 'self' https://pagead2.googlesyndication.com https://ep1.adtrafficquality.google; frame-src https://googleads.g.doubleclick.net https://ep2.adtrafficquality.google https://www.google.com; object-src 'none'; frame-ancestors 'none'; base-uri 'self'; form-action 'self'
2 < etag: W/"1e5d97706d5e72369d2567bccbacd6bc"
2 < feature-policy: camera 'none'; gyroscope 'none'; microphone 'none'; usb 'none'; fullscreen 'self'
2 < referrer-policy: strict-origin-when-cross-origin
2 < strict-transport-security: max-age=63072000; includeSubDomains
2 < vary: Origin
2 < x-content-type-options: nosniff
2 < x-frame-options: SAMEORIGIN
2 < x-permitted-cross-domain-policies: none
2 < x-ratelimit-limit: 300
2 < x-ratelimit-remaining: 299
2 < x-ratelimit-reset: 0
2 < x-request-id: 2a341c3c-11d9-4a2e-8bdd-77f55e4d62fe
2 < x-runtime: 0.033608
2 < x-xss-protection: 0
2 < Nel: {"report_to":"cf-nel","success_fraction":0.0,"max_age":604800}
2 < cf-cache-status: DYNAMIC
2 < Server-Timing: cfCacheStatus;desc="DYNAMIC"
2 < Server-Timing: cfEdge;dur=15,cfOrigin;dur=1169
2 < Report-To: {"group":"cf-nel","max_age":604800,"endpoints":[{"url":"https://a.nel.cloudflare.com/report/v4?s=t8jK4Z%2FGgZU7WrguaJv%2BfNKPFEvYxZKvYNPzT2J1vvtPN1%2FlMkyHiTf0KvLJNvUX5I16B41MprQww061g0dMxnqFsH3xLVwfX0v5UES1EiVWYfONn9WwuUk0X3dYjYk%3D"}]}
2 < Server: cloudflare
2 < CF-RAY: a31386c7ee2ed986-GRU
2 < alt-svc: h3=":443"; ma=86400
{"id":8593445,"name":"Ruthie Padberg","email":"olevia32@test.com","gender":"male","status":"active"}

10:29:07.729 [pool-3-thread-1] INFO  com.intuit.karate.Suite - <<pass>> feature 1 of 1 (0 remaining) classpath:examples/gorest/users.feature
10:58:54.432 [main] DEBUG com.intuit.karate.Suite - [config] classpath:karate-config.js
10:58:54.445 [main] WARN  com.intuit.karate.Suite - failed to backup existing dir: target\karate-reports
10:58:54.458 [main] DEBUG com.intuit.karate.Suite - waiting for 2 features to complete
10:58:56.471 [pool-2-thread-1] INFO  com.intuit.karate - karate.env system property was: null 
10:58:56.471 [pool-2-thread-3] INFO  com.intuit.karate - karate.env system property was: null 
10:58:56.471 [pool-2-thread-5] INFO  com.intuit.karate - karate.env system property was: null 
10:58:56.471 [pool-2-thread-2] INFO  com.intuit.karate - karate.env system property was: null 
10:58:56.471 [pool-2-thread-4] INFO  com.intuit.karate - karate.env system property was: null 
10:58:57.152 [pool-2-thread-3] DEBUG com.intuit.karate - request:
1 > POST https://gorest.co.in/public/v2/users
1 > Accept: application/json
1 > Content-Type: application/json; charset=UTF-8
1 > Authorization: Bearer 587af75efde5f56f7b05bdf01877ca04490016ec9ffc5611020013e2f46df5e1
1 > Content-Length: 85
1 > Host: gorest.co.in
1 > Connection: Keep-Alive
1 > User-Agent: Apache-HttpClient/4.5.14 (Java/21.0.11)
1 > Accept-Encoding: gzip,deflate
{"gender":"male","status":"active","name":"Donnie Hansen","email":"jason71@test.com"}

10:58:57.152 [pool-2-thread-5] DEBUG com.intuit.karate - request:
1 > POST https://gorest.co.in/public/v2/users
1 > Accept: application/json
1 > Content-Type: application/json; charset=UTF-8
1 > Authorization: Bearer 587af75efde5f56f7b05bdf01877ca04490016ec9ffc5611020013e2f46df5e1
1 > Content-Length: 85
1 > Host: gorest.co.in
1 > Connection: Keep-Alive
1 > User-Agent: Apache-HttpClient/4.5.14 (Java/21.0.11)
1 > Accept-Encoding: gzip,deflate
{"gender":"male","status":"active","name":"Porter Hauck","email":"booker81@test.com"}

10:58:57.152 [pool-2-thread-2] DEBUG com.intuit.karate - request:
1 > GET https://gorest.co.in/public/v2/users
1 > Accept: application/json
1 > Content-Type: application/json
1 > Authorization: Bearer 587af75efde5f56f7b05bdf01877ca04490016ec9ffc5611020013e2f46df5e1
1 > Host: gorest.co.in
1 > Connection: Keep-Alive
1 > User-Agent: Apache-HttpClient/4.5.14 (Java/21.0.11)
1 > Accept-Encoding: gzip,deflate


10:58:57.152 [pool-2-thread-4] DEBUG com.intuit.karate - request:
1 > POST https://gorest.co.in/public/v2/users
1 > Accept: application/json
1 > Content-Type: application/json; charset=UTF-8
1 > Authorization: Bearer 587af75efde5f56f7b05bdf01877ca04490016ec9ffc5611020013e2f46df5e1
1 > Content-Length: 83
1 > Host: gorest.co.in
1 > Connection: Keep-Alive
1 > User-Agent: Apache-HttpClient/4.5.14 (Java/21.0.11)
1 > Accept-Encoding: gzip,deflate
{"gender":"male","status":"active","name":"Alec Sauer","email":"alaina97@test.com"}

10:58:57.152 [pool-2-thread-1] DEBUG com.intuit.karate - request:
1 > GET https://gorest.co.in/public/v2/posts
1 > Accept: application/json
1 > Content-Type: application/json
1 > Authorization: Bearer 587af75efde5f56f7b05bdf01877ca04490016ec9ffc5611020013e2f46df5e1
1 > Host: gorest.co.in
1 > Connection: Keep-Alive
1 > User-Agent: Apache-HttpClient/4.5.14 (Java/21.0.11)
1 > Accept-Encoding: gzip,deflate


10:58:59.725 [pool-2-thread-4] DEBUG com.intuit.karate - response time in milliseconds: 2564
1 < 201
1 < Date: Wed, 26 Aug 2026 14:58:58 GMT
1 < Content-Type: application/json; charset=utf-8
1 < Content-Length: 96
1 < Connection: keep-alive
1 < Cache-Control: max-age=0, private, must-revalidate
1 < content-security-policy-report-only: default-src 'self'; script-src 'self' https://pagead2.googlesyndication.com 'nonce-DDk6FdPoaziMCKRNg8EO5Q=='; style-src 'self' 'unsafe-inline' https://fonts.googleapis.com; img-src 'self' data: https:; font-src 'self' https://fonts.gstatic.com; connect-src 'self' https://pagead2.googlesyndication.com https://ep1.adtrafficquality.google; frame-src https://googleads.g.doubleclick.net https://ep2.adtrafficquality.google https://www.google.com; object-src 'none'; frame-ancestors 'none'; base-uri 'self'; form-action 'self'
1 < etag: W/"21c61f3a2173330a463a14f2b8abfa37"
1 < feature-policy: camera 'none'; gyroscope 'none'; microphone 'none'; usb 'none'; fullscreen 'self'
1 < location: https://gorest.co.in/public/v2/users/8593461
1 < referrer-policy: strict-origin-when-cross-origin
1 < strict-transport-security: max-age=63072000; includeSubDomains
1 < vary: Origin
1 < x-content-type-options: nosniff
1 < x-frame-options: SAMEORIGIN
1 < x-permitted-cross-domain-policies: none
1 < x-ratelimit-limit: 300
1 < x-ratelimit-remaining: 298
1 < x-ratelimit-reset: 0
1 < x-request-id: bd0801d5-9feb-46ff-a8ae-a09360aaa1b0
1 < x-runtime: 0.051748
1 < x-xss-protection: 0
1 < Nel: {"report_to":"cf-nel","success_fraction":0.0,"max_age":604800}
1 < cf-cache-status: DYNAMIC
1 < Report-To: {"group":"cf-nel","max_age":604800,"endpoints":[{"url":"https://a.nel.cloudflare.com/report/v4?s=GntiqCeOjl0B9qCaxTLqzcC0lbeji1QJ0IPdB05bbyvw0bBjakiuK7ovWP5kvpdu6PQ3iPKvY1cOXaBv3g3QK9ZJMAncbbfmknVIigluS%2B%2F%2F05EaHAFf9ppx7RurhZY%3D"}]}
1 < Server: cloudflare
1 < CF-RAY: a313b295a8ab0f15-GRU
1 < alt-svc: h3=":443"; ma=86400
{"id":8593461,"name":"Alec Sauer","email":"alaina97@test.com","gender":"male","status":"active"}

10:58:59.725 [pool-2-thread-1] DEBUG com.intuit.karate - response time in milliseconds: 2567
1 < 200
1 < Date: Wed, 26 Aug 2026 14:58:58 GMT
1 < Content-Type: application/json; charset=utf-8
1 < Transfer-Encoding: chunked
1 < Connection: keep-alive
1 < Cache-Control: max-age=0, private, must-revalidate
1 < content-security-policy-report-only: default-src 'self'; script-src 'self' https://pagead2.googlesyndication.com 'nonce-jstOK6/ogeC1NYpHpl939A=='; style-src 'self' 'unsafe-inline' https://fonts.googleapis.com; img-src 'self' data: https:; font-src 'self' https://fonts.gstatic.com; connect-src 'self' https://pagead2.googlesyndication.com https://ep1.adtrafficquality.google; frame-src https://googleads.g.doubleclick.net https://ep2.adtrafficquality.google https://www.google.com; object-src 'none'; frame-ancestors 'none'; base-uri 'self'; form-action 'self'
1 < etag: W/"892143537828a6dfcf8d966e4784d634"
1 < feature-policy: camera 'none'; gyroscope 'none'; microphone 'none'; usb 'none'; fullscreen 'self'
1 < referrer-policy: strict-origin-when-cross-origin
1 < strict-transport-security: max-age=63072000; includeSubDomains
1 < vary: Origin
1 < x-content-type-options: nosniff
1 < x-frame-options: SAMEORIGIN
1 < x-links-current: https://gorest.co.in/public/v2/posts?page=1
1 < x-links-next: https://gorest.co.in/public/v2/posts?page=2
1 < x-links-previous: 
1 < x-pagination-limit: 10
1 < x-pagination-page: 1
1 < x-pagination-pages: 301
1 < x-pagination-total: 3007
1 < x-permitted-cross-domain-policies: none
1 < x-ratelimit-limit: 300
1 < x-ratelimit-remaining: 299
1 < x-ratelimit-reset: 0
1 < x-request-id: 8b7cc96c-8c64-4cbb-9a6e-121c89ff74a9
1 < x-runtime: 0.049722
1 < x-xss-protection: 0
1 < Nel: {"report_to":"cf-nel","success_fraction":0.0,"max_age":604800}
1 < cf-cache-status: DYNAMIC
1 < Report-To: {"group":"cf-nel","max_age":604800,"endpoints":[{"url":"https://a.nel.cloudflare.com/report/v4?s=12kzmbfivPUkeUHz5XCZjWJXxBusjb5BieBjqJlyMSo93n3GhOzRQQeGCmKGgfcqwfuv5Qc%2FcQM7YOflh7COAjbaQ5Unm3btAbFNDeW%2FqTcd5vwSabImzdEPGS6e794%3D"}]}
1 < Server: cloudflare
1 < CF-RAY: a313b2959a6945d9-GRU
1 < alt-svc: h3=":443"; ma=86400
[{"id":289673,"user_id":8593333,"title":"Fuga ater cerno texo ocer.","body":"Canonicus eaque certe. Degero adulescens stella. Alveus corrigo congregatio. Autem basium cinis. Appono molestias totus. Ab quam copiose. Explicabo venio caelum. Aut undique speculum. Tantillus abstergo accusator. Anser somnus varietas. Vere cruciamentum volo."},{"id":289669,"user_id":8593328,"title":"In admoneo adsuesco ventosus subnecto amaritudo tolero delibero.","body":"Asperiores ut bos. Bene verumtamen armarium. Vado totam pel. Cibo toties averto. Textilis toties creber. Conitor vita cibo. Vero tenuis talis. Eos verecundia coerceo. Abeo compello copia. Comparo pauci sint. Confugo qui universe."},{"id":289666,"user_id":8593323,"title":"Vero temperantia repudiandae admoneo vinculum denuo tamen adultus.","body":"Attollo absorbeo aestas. Nemo statim non. Correptius et tabula. Commodi deprecator templum. Vae ratione cibo. Excepturi pariatur solum. Arguo venio vorago. Nihil ipsam utroque. Sit clementia thermae. Modi vinculum denique. Atqui est coruscus. Agnitio absconditus asper. Ver cohors bos. Tolero auris decumbo. Quis cunabula debeo. Tergum ab pel. Suppono tenetur ceno. Tricesimus usque apto. Adulatio tego deleo."},{"id":289661,"user_id":8593320,"title":"Vicissitudo tepesco arx trans tergo suggero spoliatio.","body":"Calamitas casso culpa. Animi velut careo. Verumtamen cunctatio suscipio. Labore adsuesco deleo. Est conor voco. Veniam crustulum suppono. Sollers vilitas aduro. Nihil advoco ara. Pecco terreo tamisium. Sum spiritus comis. Vicissitudo conicio capillus. Amaritudo sto delectus. Tamdiu tabernus rerum."},{"id":289660,"user_id":8593319,"title":"Calco aspicio celo abduco cruciamentum somniculosus decor acquiro adulescens.","body":"Solus aufero desino. Iusto culpa delectus. Verbum ea dignissimos. Aduro id asporto. Porro auctor consequatur. Autem molestiae vaco. Peior in adsidue. Tenus vulariter depulso. Corona dicta degero. Volva tres suscipio. Adduco dignissimos vero. Molestias aetas iure. Aegre suasoria absque. Statim qui asper. Blandior bestia chirographum. Cohaero tantillus suggero. Utrum autem deficio. Spes vinum defungo."},{"id":289659,"user_id":8593319,"title":"Spectaculum adfero collum vulnero blanditiis harum carbo tactus apud.","body":"Animi suadeo tibi. Ascit currus commodo. Suscipit et arcesso. Callide dedecor vultuosus. Provident sunt vero. Quo apostolus denique. Et dedecor demonstro. Angulus quas excepturi. Crur arbitro sufficio. Commodi atqui aranea. Ventus debilito vir. Curso debilito agnosco. Somniculosus caveo denego. Modi desidero tabesco. Delibero sordeo cruciamentum."},{"id":289656,"user_id":8593316,"title":"Verus vinitor unde vomer compello impedit a ultio.","body":"Vel audeo cum. Civitas vallum decor. Avarus rerum thalassinus. Cunctatio utpote curiositas. Summisse atrox terra. Triduana tum deduco. Defigo audax sono. Cupio turbo angulus. Viscus aliquam benigne. Sed asper adulescens. Sunt vulgaris animus. Abduco sto tracto."},{"id":289654,"user_id":8593314,"title":"In coma fuga surculus creator aedificium cohibeo trado vilitas.","body":"Autem cicuta aspernatur. Vitiosus torqueo asperiores. Umerus sumptus statim. Causa ustulo advoco. Aetas considero rerum. Sollers aequus corrupti. Terminatio voro ater. Deprecator debeo comburo. Fugiat tricesimus adficio. Cenaculum versus ut. Cras temperantia ulterius. Aut condico adamo. Temeritas defaeco synagoga. Vesco delectatio terga. Valens cruentus decens."},{"id":289652,"user_id":8593311,"title":"Deinde adopto certo vulticulus cattus ipsum rerum optio.","body":"Vaco tero adulatio. Defluo curso cogo. Desparatus deputo et. Absens sono tempora. Dolor vesper spero. Optio cresco adfectus. Ulterius aufero voluptatem. Pauci voluptatem tergiversatio. Adulatio caput vobis. Tabesco triginta vilis."},{"id":289651,"user_id":8593310,"title":"Culpo talis audeo sopor brevis sodalitas.","body":"Volva tergiversatio villa. Solvo temperantia debilito. Atrocitas qui tyrannus. Charisma acerbitas cursim. Aliquam civitas taceo. Esse demergo creber. Comminor voveo clam. Volva theologus ceno. Vulgo similique sed. Acidus ante adipisci. Spoliatio curvus circumvenio."}]

10:58:59.755 [pool-2-thread-1] INFO  com.intuit.karate - karate.env system property was: null 
10:58:59.833 [pool-2-thread-1] DEBUG com.intuit.karate - request:
1 > POST https://gorest.co.in/public/v2/users
1 > Accept: application/json
1 > Content-Type: application/json; charset=UTF-8
1 > Authorization: Bearer 587af75efde5f56f7b05bdf01877ca04490016ec9ffc5611020013e2f46df5e1
1 > Content-Length: 84
1 > Host: gorest.co.in
1 > Connection: Keep-Alive
1 > User-Agent: Apache-HttpClient/4.5.14 (Java/21.0.11)
1 > Accept-Encoding: gzip,deflate
{"gender":"male","status":"active","name":"Gudrun Morar","email":"derick9@test.com"}

10:59:00.285 [pool-2-thread-2] DEBUG com.intuit.karate - response time in milliseconds: 3131
1 < 200
1 < Date: Wed, 26 Aug 2026 14:58:58 GMT
1 < Content-Type: application/json; charset=utf-8
1 < Transfer-Encoding: chunked
1 < Connection: keep-alive
1 < Cache-Control: max-age=0, private, must-revalidate
1 < content-security-policy-report-only: default-src 'self'; script-src 'self' https://pagead2.googlesyndication.com 'nonce-e3tFD6w32LDU1qgSDdKnBQ=='; style-src 'self' 'unsafe-inline' https://fonts.googleapis.com; img-src 'self' data: https:; font-src 'self' https://fonts.gstatic.com; connect-src 'self' https://pagead2.googlesyndication.com https://ep1.adtrafficquality.google; frame-src https://googleads.g.doubleclick.net https://ep2.adtrafficquality.google https://www.google.com; object-src 'none'; frame-ancestors 'none'; base-uri 'self'; form-action 'self'
1 < etag: W/"52cd233dd4184c89d506dfad2f558b02"
1 < feature-policy: camera 'none'; gyroscope 'none'; microphone 'none'; usb 'none'; fullscreen 'self'
1 < referrer-policy: strict-origin-when-cross-origin
1 < strict-transport-security: max-age=63072000; includeSubDomains
1 < vary: Origin
1 < x-content-type-options: nosniff
1 < x-frame-options: SAMEORIGIN
1 < x-links-current: https://gorest.co.in/public/v2/users?page=1
1 < x-links-next: https://gorest.co.in/public/v2/users?page=2
1 < x-links-previous: 
1 < x-pagination-limit: 10
1 < x-pagination-page: 1
1 < x-pagination-pages: 298
1 < x-pagination-total: 2975
1 < x-permitted-cross-domain-policies: none
1 < x-ratelimit-limit: 300
1 < x-ratelimit-remaining: 297
1 < x-ratelimit-reset: 0
1 < x-request-id: 9685b38a-2c6a-4597-89d1-bc5343fd4d01
1 < x-runtime: 0.053016
1 < x-xss-protection: 0
1 < Nel: {"report_to":"cf-nel","success_fraction":0.0,"max_age":604800}
1 < cf-cache-status: DYNAMIC
1 < Report-To: {"group":"cf-nel","max_age":604800,"endpoints":[{"url":"https://a.nel.cloudflare.com/report/v4?s=vL%2FlV1SoTIasMr4YDgkNgqTx1%2BJlIAT7pZMD%2BYVbn8t8b8YwxBWE47zHoduBaELYpcBUybiVvwOoa72Vi7EtaCv%2Balm1kA%2BXCsnEbiDJ2eHy028NCOM53mn64l2ncco%3D"}]}
1 < Server: cloudflare
1 < CF-RAY: a313b299af2ef262-GRU
1 < alt-svc: h3=":443"; ma=86400
[{"id":8593463,"name":"Donnie Hansen","email":"jason71@test.com","gender":"male","status":"active"},{"id":8593462,"name":"Porter Hauck","email":"booker81@test.com","gender":"male","status":"active"},{"id":8593461,"name":"Alec Sauer","email":"alaina97@test.com","gender":"male","status":"active"},{"id":8593445,"name":"Ruthie Padberg","email":"olevia32@test.com","gender":"male","status":"active"},{"id":8593444,"name":"Aleen Cummings","email":"zora78@test.com","gender":"male","status":"active"},{"id":8593443,"name":"Jamal Paucek","email":"jules14@test.com","gender":"male","status":"active"},{"id":8593437,"name":"Shawnta Schimmel","email":"nathaniel84@test.com","gender":"male","status":"active"},{"id":8593435,"name":"Shay Strosin","email":"abram80@test.com","gender":"male","status":"active"},{"id":8593420,"name":"Updated Name","email":"robbyn44@test.com","gender":"male","status":"inactive"},{"id":8593418,"name":"Rozella Koch","email":"kyle81@test.com","gender":"male","status":"active"}]

10:59:00.504 [pool-2-thread-1] DEBUG com.intuit.karate - response time in milliseconds: 669
1 < 201
1 < Date: Wed, 26 Aug 2026 14:58:59 GMT
1 < Content-Type: application/json; charset=utf-8
1 < Content-Length: 97
1 < Connection: keep-alive
1 < Cache-Control: max-age=0, private, must-revalidate
1 < content-security-policy-report-only: default-src 'self'; script-src 'self' https://pagead2.googlesyndication.com 'nonce-1Ap/rY42WQ1xsS61X0hriQ=='; style-src 'self' 'unsafe-inline' https://fonts.googleapis.com; img-src 'self' data: https:; font-src 'self' https://fonts.gstatic.com; connect-src 'self' https://pagead2.googlesyndication.com https://ep1.adtrafficquality.google; frame-src https://googleads.g.doubleclick.net https://ep2.adtrafficquality.google https://www.google.com; object-src 'none'; frame-ancestors 'none'; base-uri 'self'; form-action 'self'
1 < etag: W/"2c1baf51d6211ce159634b62b0be4ab4"
1 < feature-policy: camera 'none'; gyroscope 'none'; microphone 'none'; usb 'none'; fullscreen 'self'
1 < location: https://gorest.co.in/public/v2/users/8593464
1 < referrer-policy: strict-origin-when-cross-origin
1 < strict-transport-security: max-age=63072000; includeSubDomains
1 < vary: Origin
1 < x-content-type-options: nosniff
1 < x-frame-options: SAMEORIGIN
1 < x-permitted-cross-domain-policies: none
1 < x-ratelimit-limit: 300
1 < x-ratelimit-remaining: 297
1 < x-ratelimit-reset: 0
1 < x-request-id: 3ddcecfa-83f7-411c-a886-0f912b0ba6ae
1 < x-runtime: 0.046299
1 < x-xss-protection: 0
1 < Nel: {"report_to":"cf-nel","success_fraction":0.0,"max_age":604800}
1 < cf-cache-status: DYNAMIC
1 < Report-To: {"group":"cf-nel","max_age":604800,"endpoints":[{"url":"https://a.nel.cloudflare.com/report/v4?s=dJtOgg97qkDcC091U0OWuF45ajMb1vZRx9EXt25efZzn8toHjMygMbFuBInuDBgCwzBV4JQDUaF0lCDtj1keFk34X%2BirpOiOK1FcCJeffefnNIAmJ9uM2c89mbLdJ%2Bw%3D"}]}
1 < Server: cloudflare
1 < CF-RAY: a313b29dc8873472-GRU
1 < alt-svc: h3=":443"; ma=86400
{"id":8593464,"name":"Gudrun Morar","email":"derick9@test.com","gender":"male","status":"active"}

10:59:00.506 [pool-2-thread-5] DEBUG com.intuit.karate - response time in milliseconds: 3352
1 < 201
1 < Date: Wed, 26 Aug 2026 14:58:58 GMT
1 < Content-Type: application/json; charset=utf-8
1 < Content-Length: 98
1 < Connection: keep-alive
1 < Cache-Control: max-age=0, private, must-revalidate
1 < content-security-policy-report-only: default-src 'self'; script-src 'self' https://pagead2.googlesyndication.com 'nonce-YraPBXup2tcd9sngJveF9Q=='; style-src 'self' 'unsafe-inline' https://fonts.googleapis.com; img-src 'self' data: https:; font-src 'self' https://fonts.gstatic.com; connect-src 'self' https://pagead2.googlesyndication.com https://ep1.adtrafficquality.google; frame-src https://googleads.g.doubleclick.net https://ep2.adtrafficquality.google https://www.google.com; object-src 'none'; frame-ancestors 'none'; base-uri 'self'; form-action 'self'
1 < etag: W/"055646ab316688595d587de81a8bee0f"
1 < feature-policy: camera 'none'; gyroscope 'none'; microphone 'none'; usb 'none'; fullscreen 'self'
1 < location: https://gorest.co.in/public/v2/users/8593462
1 < referrer-policy: strict-origin-when-cross-origin
1 < strict-transport-security: max-age=63072000; includeSubDomains
1 < vary: Origin
1 < x-content-type-options: nosniff
1 < x-frame-options: SAMEORIGIN
1 < x-permitted-cross-domain-policies: none
1 < x-ratelimit-limit: 300
1 < x-ratelimit-remaining: 299
1 < x-ratelimit-reset: 0
1 < x-request-id: a65a57bf-e400-4094-97e2-2bdbe30e1521
1 < x-runtime: 0.048078
1 < x-xss-protection: 0
1 < Nel: {"report_to":"cf-nel","success_fraction":0.0,"max_age":604800}
1 < cf-cache-status: DYNAMIC
1 < Report-To: {"group":"cf-nel","max_age":604800,"endpoints":[{"url":"https://a.nel.cloudflare.com/report/v4?s=jv5RMe0qkuPsLemfe5DJeVxFil5ct7GfEsXGuBtLyFiM6a1URGH5VXkBR81IgZs%2BJOTMV3CxWKWt5H7%2BOdYE6Q1NgMlnIEnOp%2Flc7bGnrPDJv8C7H4W6EP3q851L%2FFw%3D"}]}
1 < Server: cloudflare
1 < CF-RAY: a313b298abea1d21-GRU
1 < alt-svc: h3=":443"; ma=86400
{"id":8593462,"name":"Porter Hauck","email":"booker81@test.com","gender":"male","status":"active"}

10:59:00.548 [pool-2-thread-5] DEBUG com.intuit.karate - request:
2 > PUT https://gorest.co.in/public/v2/users/8593462
2 > Authorization: Bearer 587af75efde5f56f7b05bdf01877ca04490016ec9ffc5611020013e2f46df5e1
2 > Host: gorest.co.in
2 > Connection: Keep-Alive
2 > User-Agent: Apache-HttpClient/4.5.14 (Java/21.0.11)
2 > Accept-Encoding: gzip,deflate


10:59:00.553 [pool-2-thread-1] DEBUG com.intuit.karate - request:
2 > DELETE https://gorest.co.in/public/v2/users/8593464
2 > Authorization: Bearer 587af75efde5f56f7b05bdf01877ca04490016ec9ffc5611020013e2f46df5e1
2 > Host: gorest.co.in
2 > Connection: Keep-Alive
2 > User-Agent: Apache-HttpClient/4.5.14 (Java/21.0.11)
2 > Accept-Encoding: gzip,deflate


10:59:00.907 [pool-2-thread-3] DEBUG com.intuit.karate - response time in milliseconds: 3753
1 < 201
1 < Date: Wed, 26 Aug 2026 14:58:58 GMT
1 < Content-Type: application/json; charset=utf-8
1 < Content-Length: 98
1 < Connection: keep-alive
1 < Cache-Control: max-age=0, private, must-revalidate
1 < content-security-policy-report-only: default-src 'self'; script-src 'self' https://pagead2.googlesyndication.com 'nonce-o0F0OosliYChhGqbV2YuUQ=='; style-src 'self' 'unsafe-inline' https://fonts.googleapis.com; img-src 'self' data: https:; font-src 'self' https://fonts.gstatic.com; connect-src 'self' https://pagead2.googlesyndication.com https://ep1.adtrafficquality.google; frame-src https://googleads.g.doubleclick.net https://ep2.adtrafficquality.google https://www.google.com; object-src 'none'; frame-ancestors 'none'; base-uri 'self'; form-action 'self'
1 < etag: W/"410fe3f006001c6eefab35fbe57cf825"
1 < feature-policy: camera 'none'; gyroscope 'none'; microphone 'none'; usb 'none'; fullscreen 'self'
1 < location: https://gorest.co.in/public/v2/users/8593463
1 < referrer-policy: strict-origin-when-cross-origin
1 < strict-transport-security: max-age=63072000; includeSubDomains
1 < vary: Origin
1 < x-content-type-options: nosniff
1 < x-frame-options: SAMEORIGIN
1 < x-permitted-cross-domain-policies: none
1 < x-ratelimit-limit: 300
1 < x-ratelimit-remaining: 298
1 < x-ratelimit-reset: 0
1 < x-request-id: ee7f0f46-cb94-41b5-928f-6de7bcaa5fed
1 < x-runtime: 0.050647
1 < x-xss-protection: 0
1 < Nel: {"report_to":"cf-nel","success_fraction":0.0,"max_age":604800}
1 < cf-cache-status: DYNAMIC
1 < Report-To: {"group":"cf-nel","max_age":604800,"endpoints":[{"url":"https://a.nel.cloudflare.com/report/v4?s=t6xvYE5f8Bg81X%2BQzPY3MjYcQDavBgCwFUqwQV3hoJPTWmvxFd0BlP%2BuwrKdIP3MTItCtxE6hIn0ENlJlZBeDmDuvWk%2BaVapzKVC1zzCa3zgrGZCFjRBEpg2%2BzJzsjE%3D"}]}
1 < Server: cloudflare
1 < CF-RAY: a313b299acedd8ee-GRU
1 < alt-svc: h3=":443"; ma=86400
{"id":8593463,"name":"Donnie Hansen","email":"jason71@test.com","gender":"male","status":"active"}

10:59:00.921 [pool-2-thread-3] DEBUG com.intuit.karate - request:
2 > GET https://gorest.co.in/public/v2/users/8593463
2 > Authorization: Bearer 587af75efde5f56f7b05bdf01877ca04490016ec9ffc5611020013e2f46df5e1
2 > Host: gorest.co.in
2 > Connection: Keep-Alive
2 > User-Agent: Apache-HttpClient/4.5.14 (Java/21.0.11)
2 > Accept-Encoding: gzip,deflate


10:59:01.049 [pool-3-thread-1] INFO  com.intuit.karate.Suite - <<pass>> feature 1 of 2 (1 remaining) classpath:examples/gorest/posts.feature
10:59:01.321 [pool-2-thread-1] DEBUG com.intuit.karate - response time in milliseconds: 766
2 < 204
2 < Date: Wed, 26 Aug 2026 14:58:59 GMT
2 < Connection: keep-alive
2 < Cache-Control: no-cache
2 < content-security-policy-report-only: default-src 'self'; script-src 'self' https://pagead2.googlesyndication.com 'nonce-KuuXLUzidhPmVdgNp4sKjg=='; style-src 'self' 'unsafe-inline' https://fonts.googleapis.com; img-src 'self' data: https:; font-src 'self' https://fonts.gstatic.com; connect-src 'self' https://pagead2.googlesyndication.com https://ep1.adtrafficquality.google; frame-src https://googleads.g.doubleclick.net https://ep2.adtrafficquality.google https://www.google.com; object-src 'none'; frame-ancestors 'none'; base-uri 'self'; form-action 'self'
2 < feature-policy: camera 'none'; gyroscope 'none'; microphone 'none'; usb 'none'; fullscreen 'self'
2 < referrer-policy: strict-origin-when-cross-origin
2 < strict-transport-security: max-age=63072000; includeSubDomains
2 < vary: Origin
2 < x-content-type-options: nosniff
2 < x-frame-options: SAMEORIGIN
2 < x-permitted-cross-domain-policies: none
2 < x-ratelimit-limit: 300
2 < x-ratelimit-remaining: 299
2 < x-ratelimit-reset: 0
2 < x-request-id: 23b4a173-e022-4bcd-825a-5be2619106bf
2 < x-runtime: 0.051225
2 < x-xss-protection: 0
2 < cf-cache-status: DYNAMIC
2 < Server-Timing: cfCacheStatus;desc="DYNAMIC"
2 < Server-Timing: cfEdge;dur=10,cfOrigin;dur=299
2 < Report-To: {"group":"cf-nel","max_age":604800,"endpoints":[{"url":"https://a.nel.cloudflare.com/report/v4?s=3vdVGAcLGetIW4misVAf20JrwmmRNofxxKq1R%2Fm2x0GFuMVa9F6zF3T6JEe40EKpGMDkbGXrVzBQrYKOf%2FwjEvHdJGGoByOCWyfIBQHJ6%2B5C1YGIDYGcjmbCmvmCt%2BA%3D"}]}
2 < Nel: {"report_to":"cf-nel","success_fraction":0.0,"max_age":604800}
2 < Server: cloudflare
2 < CF-RAY: a313b2a2e9699d69-GRU
2 < alt-svc: h3=":443"; ma=86400


10:59:01.832 [pool-2-thread-5] DEBUG com.intuit.karate - response time in milliseconds: 1281
2 < 200
2 < Date: Wed, 26 Aug 2026 14:59:00 GMT
2 < Content-Type: application/json; charset=utf-8
2 < Transfer-Encoding: chunked
2 < Connection: keep-alive
2 < Cache-Control: max-age=0, private, must-revalidate
2 < content-security-policy-report-only: default-src 'self'; script-src 'self' https://pagead2.googlesyndication.com 'nonce-HYTyHKdLDmo7hUCdICbKHA=='; style-src 'self' 'unsafe-inline' https://fonts.googleapis.com; img-src 'self' data: https:; font-src 'self' https://fonts.gstatic.com; connect-src 'self' https://pagead2.googlesyndication.com https://ep1.adtrafficquality.google; frame-src https://googleads.g.doubleclick.net https://ep2.adtrafficquality.google https://www.google.com; object-src 'none'; frame-ancestors 'none'; base-uri 'self'; form-action 'self'
2 < etag: W/"055646ab316688595d587de81a8bee0f"
2 < feature-policy: camera 'none'; gyroscope 'none'; microphone 'none'; usb 'none'; fullscreen 'self'
2 < referrer-policy: strict-origin-when-cross-origin
2 < strict-transport-security: max-age=63072000; includeSubDomains
2 < vary: Origin
2 < x-content-type-options: nosniff
2 < x-frame-options: SAMEORIGIN
2 < x-permitted-cross-domain-policies: none
2 < x-ratelimit-limit: 300
2 < x-ratelimit-remaining: 299
2 < x-ratelimit-reset: 0
2 < x-request-id: a9fe0097-9534-4ab8-9646-0b45cbcb7ae4
2 < x-runtime: 0.035744
2 < x-xss-protection: 0
2 < Nel: {"report_to":"cf-nel","success_fraction":0.0,"max_age":604800}
2 < cf-cache-status: DYNAMIC
2 < Server-Timing: cfCacheStatus;desc="DYNAMIC"
2 < Server-Timing: cfEdge;dur=16,cfOrigin;dur=734
2 < Report-To: {"group":"cf-nel","max_age":604800,"endpoints":[{"url":"https://a.nel.cloudflare.com/report/v4?s=am%2BZVAy44VeChaweNvl5xyejQtJ3cZjFOInF5uq0l8JK3wS2e%2BkegxjNZ%2BX3rYXKTSBU9vSXRM0zy66o%2BzrjPUp63vuiKPY8QaWipv8o6cNhZgWLyw5ZDhNYTqJDZW8%3D"}]}
2 < Server: cloudflare
2 < CF-RAY: a313b2a2e8ca36f4-GRU
2 < alt-svc: h3=":443"; ma=86400
{"id":8593462,"name":"Porter Hauck","email":"booker81@test.com","gender":"male","status":"active"}

10:59:01.951 [pool-2-thread-3] DEBUG com.intuit.karate - response time in milliseconds: 1027
2 < 200
2 < Date: Wed, 26 Aug 2026 14:59:00 GMT
2 < Content-Type: application/json; charset=utf-8
2 < Transfer-Encoding: chunked
2 < Connection: keep-alive
2 < Cache-Control: max-age=0, private, must-revalidate
2 < content-security-policy-report-only: default-src 'self'; script-src 'self' https://pagead2.googlesyndication.com 'nonce-HSqXt2D6qLuPhWorarsT+g=='; style-src 'self' 'unsafe-inline' https://fonts.googleapis.com; img-src 'self' data: https:; font-src 'self' https://fonts.gstatic.com; connect-src 'self' https://pagead2.googlesyndication.com https://ep1.adtrafficquality.google; frame-src https://googleads.g.doubleclick.net https://ep2.adtrafficquality.google https://www.google.com; object-src 'none'; frame-ancestors 'none'; base-uri 'self'; form-action 'self'
2 < etag: W/"410fe3f006001c6eefab35fbe57cf825"
2 < feature-policy: camera 'none'; gyroscope 'none'; microphone 'none'; usb 'none'; fullscreen 'self'
2 < referrer-policy: strict-origin-when-cross-origin
2 < strict-transport-security: max-age=63072000; includeSubDomains
2 < vary: Origin
2 < x-content-type-options: nosniff
2 < x-frame-options: SAMEORIGIN
2 < x-permitted-cross-domain-policies: none
2 < x-ratelimit-limit: 300
2 < x-ratelimit-remaining: 298
2 < x-ratelimit-reset: 0
2 < x-request-id: 42e18422-5c7a-4c24-ad48-4a0b89e8564e
2 < x-runtime: 0.029900
2 < x-xss-protection: 0
2 < Nel: {"report_to":"cf-nel","success_fraction":0.0,"max_age":604800}
2 < cf-cache-status: DYNAMIC
2 < Server-Timing: cfCacheStatus;desc="DYNAMIC"
2 < Server-Timing: cfEdge;dur=11,cfOrigin;dur=727
2 < Report-To: {"group":"cf-nel","max_age":604800,"endpoints":[{"url":"https://a.nel.cloudflare.com/report/v4?s=nYDFO%2F2rNibV42HDVucInDkQcbpzqchLGGib0Mv%2B5zq%2BnSAMlRAqZlLS7CP958ptCsZLlA9%2B%2FURZT0nw1wPWkGzw%2Fg8PfXZCOMrMW53ZBXxSPSIKQZhWC9kttBmCoCg%3D"}]}
2 < Server: cloudflare
2 < CF-RAY: a313b2a43d14f1ce-GRU
2 < alt-svc: h3=":443"; ma=86400
{"id":8593463,"name":"Donnie Hansen","email":"jason71@test.com","gender":"male","status":"active"}

10:59:02.710 [pool-3-thread-1] INFO  com.intuit.karate.Suite - <<pass>> feature 2 of 2 (0 remaining) classpath:examples/gorest/users.feature
11:01:03.671 [main] DEBUG com.intuit.karate.Suite - [config] classpath:karate-config.js
11:01:03.679 [main] WARN  com.intuit.karate.Suite - failed to backup existing dir: target\karate-reports
11:01:03.688 [main] DEBUG com.intuit.karate.Suite - waiting for 3 features to complete
11:01:05.653 [pool-2-thread-5] INFO  com.intuit.karate - karate.env system property was: null 
11:01:05.653 [pool-2-thread-2] INFO  com.intuit.karate - karate.env system property was: null 
11:01:05.653 [pool-2-thread-4] INFO  com.intuit.karate - karate.env system property was: null 
11:01:05.653 [pool-2-thread-1] INFO  com.intuit.karate - karate.env system property was: null 
11:01:05.653 [pool-2-thread-3] INFO  com.intuit.karate - karate.env system property was: null 
11:01:06.305 [pool-2-thread-2] DEBUG com.intuit.karate - request:
1 > GET https://gorest.co.in/public/v2/posts
1 > Accept: application/json
1 > Content-Type: application/json
1 > Authorization: Bearer 587af75efde5f56f7b05bdf01877ca04490016ec9ffc5611020013e2f46df5e1
1 > Host: gorest.co.in
1 > Connection: Keep-Alive
1 > User-Agent: Apache-HttpClient/4.5.14 (Java/21.0.11)
1 > Accept-Encoding: gzip,deflate


11:01:06.305 [pool-2-thread-1] DEBUG com.intuit.karate - request:
1 > GET https://gorest.co.in/public/v2/comments
1 > Accept: application/json
1 > Content-Type: application/json
1 > Authorization: Bearer 587af75efde5f56f7b05bdf01877ca04490016ec9ffc5611020013e2f46df5e1
1 > Host: gorest.co.in
1 > Connection: Keep-Alive
1 > User-Agent: Apache-HttpClient/4.5.14 (Java/21.0.11)
1 > Accept-Encoding: gzip,deflate


11:01:06.305 [pool-2-thread-3] DEBUG com.intuit.karate - request:
1 > GET https://gorest.co.in/public/v2/users
1 > Accept: application/json
1 > Content-Type: application/json
1 > Authorization: Bearer 587af75efde5f56f7b05bdf01877ca04490016ec9ffc5611020013e2f46df5e1
1 > Host: gorest.co.in
1 > Connection: Keep-Alive
1 > User-Agent: Apache-HttpClient/4.5.14 (Java/21.0.11)
1 > Accept-Encoding: gzip,deflate


11:01:06.326 [pool-2-thread-4] DEBUG com.intuit.karate - request:
1 > POST https://gorest.co.in/public/v2/users
1 > Accept: application/json
1 > Content-Type: application/json; charset=UTF-8
1 > Authorization: Bearer 587af75efde5f56f7b05bdf01877ca04490016ec9ffc5611020013e2f46df5e1
1 > Content-Length: 86
1 > Host: gorest.co.in
1 > Connection: Keep-Alive
1 > User-Agent: Apache-HttpClient/4.5.14 (Java/21.0.11)
1 > Accept-Encoding: gzip,deflate
{"gender":"male","status":"active","name":"Salvatore Ryan","email":"ronny90@test.com"}

11:01:06.326 [pool-2-thread-5] DEBUG com.intuit.karate - request:
1 > POST https://gorest.co.in/public/v2/users
1 > Accept: application/json
1 > Content-Type: application/json; charset=UTF-8
1 > Authorization: Bearer 587af75efde5f56f7b05bdf01877ca04490016ec9ffc5611020013e2f46df5e1
1 > Content-Length: 92
1 > Host: gorest.co.in
1 > Connection: Keep-Alive
1 > User-Agent: Apache-HttpClient/4.5.14 (Java/21.0.11)
1 > Accept-Encoding: gzip,deflate
{"gender":"male","status":"active","name":"Roderick Prosacco","email":"prudence58@test.com"}

11:01:08.158 [pool-2-thread-3] DEBUG com.intuit.karate - response time in milliseconds: 1846
1 < 200
1 < Date: Wed, 26 Aug 2026 15:01:06 GMT
1 < Content-Type: application/json; charset=utf-8
1 < Transfer-Encoding: chunked
1 < Connection: keep-alive
1 < Cache-Control: max-age=0, private, must-revalidate
1 < content-security-policy-report-only: default-src 'self'; script-src 'self' https://pagead2.googlesyndication.com 'nonce-ZE3icsdPWsdv6kmcssNRVQ=='; style-src 'self' 'unsafe-inline' https://fonts.googleapis.com; img-src 'self' data: https:; font-src 'self' https://fonts.gstatic.com; connect-src 'self' https://pagead2.googlesyndication.com https://ep1.adtrafficquality.google; frame-src https://googleads.g.doubleclick.net https://ep2.adtrafficquality.google https://www.google.com; object-src 'none'; frame-ancestors 'none'; base-uri 'self'; form-action 'self'
1 < etag: W/"52cd233dd4184c89d506dfad2f558b02"
1 < feature-policy: camera 'none'; gyroscope 'none'; microphone 'none'; usb 'none'; fullscreen 'self'
1 < referrer-policy: strict-origin-when-cross-origin
1 < strict-transport-security: max-age=63072000; includeSubDomains
1 < vary: Origin
1 < x-content-type-options: nosniff
1 < x-frame-options: SAMEORIGIN
1 < x-links-current: https://gorest.co.in/public/v2/users?page=1
1 < x-links-next: https://gorest.co.in/public/v2/users?page=2
1 < x-links-previous: 
1 < x-pagination-limit: 10
1 < x-pagination-page: 1
1 < x-pagination-pages: 298
1 < x-pagination-total: 2976
1 < x-permitted-cross-domain-policies: none
1 < x-ratelimit-limit: 300
1 < x-ratelimit-remaining: 296
1 < x-ratelimit-reset: 1
1 < x-request-id: 68af4601-0dab-451d-9840-6315fb817ef8
1 < x-runtime: 0.113815
1 < x-xss-protection: 0
1 < Nel: {"report_to":"cf-nel","success_fraction":0.0,"max_age":604800}
1 < cf-cache-status: DYNAMIC
1 < Report-To: {"group":"cf-nel","max_age":604800,"endpoints":[{"url":"https://a.nel.cloudflare.com/report/v4?s=V1SDorl588vkS9WeOi4eBpH6xn6pweMnxeR9iw5feEYo8AVUiY5LLVciz4AoFD0s%2FrTU6%2Fd%2F1wZvRhehUCQUUoaUffgbcFMaG7TJD8mWrWKLZ2uxI2Dt3dNWKiYk3IA%3D"}]}
1 < Server: cloudflare
1 < CF-RAY: a313b5b6ce6cf1da-GRU
1 < alt-svc: h3=":443"; ma=86400
[{"id":8593463,"name":"Donnie Hansen","email":"jason71@test.com","gender":"male","status":"active"},{"id":8593462,"name":"Porter Hauck","email":"booker81@test.com","gender":"male","status":"active"},{"id":8593461,"name":"Alec Sauer","email":"alaina97@test.com","gender":"male","status":"active"},{"id":8593445,"name":"Ruthie Padberg","email":"olevia32@test.com","gender":"male","status":"active"},{"id":8593444,"name":"Aleen Cummings","email":"zora78@test.com","gender":"male","status":"active"},{"id":8593443,"name":"Jamal Paucek","email":"jules14@test.com","gender":"male","status":"active"},{"id":8593437,"name":"Shawnta Schimmel","email":"nathaniel84@test.com","gender":"male","status":"active"},{"id":8593435,"name":"Shay Strosin","email":"abram80@test.com","gender":"male","status":"active"},{"id":8593420,"name":"Updated Name","email":"robbyn44@test.com","gender":"male","status":"inactive"},{"id":8593418,"name":"Rozella Koch","email":"kyle81@test.com","gender":"male","status":"active"}]

11:01:08.158 [pool-2-thread-4] DEBUG com.intuit.karate - response time in milliseconds: 1823
1 < 201
1 < Date: Wed, 26 Aug 2026 15:01:06 GMT
1 < Content-Type: application/json; charset=utf-8
1 < Content-Length: 99
1 < Connection: keep-alive
1 < Cache-Control: max-age=0, private, must-revalidate
1 < content-security-policy-report-only: default-src 'self'; script-src 'self' https://pagead2.googlesyndication.com 'nonce-R8GNDhImFsiS8d8gdbK2ow=='; style-src 'self' 'unsafe-inline' https://fonts.googleapis.com; img-src 'self' data: https:; font-src 'self' https://fonts.gstatic.com; connect-src 'self' https://pagead2.googlesyndication.com https://ep1.adtrafficquality.google; frame-src https://googleads.g.doubleclick.net https://ep2.adtrafficquality.google https://www.google.com; object-src 'none'; frame-ancestors 'none'; base-uri 'self'; form-action 'self'
1 < etag: W/"5eec1b37638ee7fddaaff7ee6a03c45e"
1 < feature-policy: camera 'none'; gyroscope 'none'; microphone 'none'; usb 'none'; fullscreen 'self'
1 < location: https://gorest.co.in/public/v2/users/8593467
1 < referrer-policy: strict-origin-when-cross-origin
1 < strict-transport-security: max-age=63072000; includeSubDomains
1 < vary: Origin
1 < x-content-type-options: nosniff
1 < x-frame-options: SAMEORIGIN
1 < x-permitted-cross-domain-policies: none
1 < x-ratelimit-limit: 300
1 < x-ratelimit-remaining: 299
1 < x-ratelimit-reset: 0
1 < x-request-id: b70459e6-6f23-4201-a99c-d74d82f92580
1 < x-runtime: 0.144252
1 < x-xss-protection: 0
1 < Nel: {"report_to":"cf-nel","success_fraction":0.0,"max_age":604800}
1 < cf-cache-status: DYNAMIC
1 < Report-To: {"group":"cf-nel","max_age":604800,"endpoints":[{"url":"https://a.nel.cloudflare.com/report/v4?s=So12lmGiZ%2FFcHtlCEUFKvg99XNrErDHWUbZ0DyDpcPjrrGQs3x2k1%2BI0WcK5JJPmqjwKPrqmo9ssTYczK1NOpX2DF2Y9KxVSq84wlCaQLdGMTdtnY3bJHJajfVprwIs%3D"}]}
1 < Server: cloudflare
1 < CF-RAY: a313b5b6c955bd9e-GRU
1 < alt-svc: h3=":443"; ma=86400
{"id":8593467,"name":"Salvatore Ryan","email":"ronny90@test.com","gender":"male","status":"active"}

11:01:08.158 [pool-2-thread-1] DEBUG com.intuit.karate - response time in milliseconds: 1846
1 < 200
1 < Date: Wed, 26 Aug 2026 15:01:06 GMT
1 < Content-Type: application/json; charset=utf-8
1 < Transfer-Encoding: chunked
1 < Connection: keep-alive
1 < Cache-Control: max-age=0, private, must-revalidate
1 < content-security-policy-report-only: default-src 'self'; script-src 'self' https://pagead2.googlesyndication.com 'nonce-ZXf4FMpNXlC0Sblrdxafbw=='; style-src 'self' 'unsafe-inline' https://fonts.googleapis.com; img-src 'self' data: https:; font-src 'self' https://fonts.gstatic.com; connect-src 'self' https://pagead2.googlesyndication.com https://ep1.adtrafficquality.google; frame-src https://googleads.g.doubleclick.net https://ep2.adtrafficquality.google https://www.google.com; object-src 'none'; frame-ancestors 'none'; base-uri 'self'; form-action 'self'
1 < etag: W/"5e65f8aa5aa81dfc630e08c7c014c49d"
1 < feature-policy: camera 'none'; gyroscope 'none'; microphone 'none'; usb 'none'; fullscreen 'self'
1 < referrer-policy: strict-origin-when-cross-origin
1 < strict-transport-security: max-age=63072000; includeSubDomains
1 < vary: Origin
1 < x-content-type-options: nosniff
1 < x-frame-options: SAMEORIGIN
1 < x-links-current: https://gorest.co.in/public/v2/comments?page=1
1 < x-links-next: https://gorest.co.in/public/v2/comments?page=2
1 < x-links-previous: 
1 < x-pagination-limit: 10
1 < x-pagination-page: 1
1 < x-pagination-pages: 294
1 < x-pagination-total: 2936
1 < x-permitted-cross-domain-policies: none
1 < x-ratelimit-limit: 300
1 < x-ratelimit-remaining: 298
1 < x-ratelimit-reset: 0
1 < x-request-id: 4acb784d-28f6-47d7-8c8f-669c27134c21
1 < x-runtime: 0.068551
1 < x-xss-protection: 0
1 < Nel: {"report_to":"cf-nel","success_fraction":0.0,"max_age":604800}
1 < cf-cache-status: DYNAMIC
1 < Report-To: {"group":"cf-nel","max_age":604800,"endpoints":[{"url":"https://a.nel.cloudflare.com/report/v4?s=lgsRkwETURioU%2BdzSVx48ZwwxK2NyKzx226REJftMhWer9H61Gv8ZEHNXJxXzyOUCVuxHM%2BwpxCZFVh%2Bt0YMuIEJYnTWoe5%2F3SAsWV9OEfOYphkh1tiNwFiOikXAzbo%3D"}]}
1 < Server: cloudflare
1 < CF-RAY: a313b5b6c9ba0108-GRU
1 < alt-svc: h3=":443"; ma=86400
[{"id":195355,"post_id":289671,"name":"Adripathi Pillai","email":"adripathi_pillai@jenkins.example","body":"Quaerat quam error. Dignissimos qui quidem. Vel aut molestiae. Atque ea alias."},{"id":195349,"post_id":289667,"name":"Vasundhara Bhat","email":"bhat_vasundhara@heathcote.example","body":"Quam velit dolore. Architecto consequatur et. Totam ut inventore. Facilis maxime est."},{"id":195348,"post_id":289667,"name":"Rev. Chaaruchandra Mehra","email":"mehra_chaaruchandra_rev@greenfelder-lueilwitz.example","body":"Eius dolores laboriosam. Perferendis aut minus. Possimus distinctio eum."},{"id":195345,"post_id":289661,"name":"Jagathi Khanna","email":"khanna_jagathi@nolan.example","body":"Perferendis suscipit laboriosam."},{"id":195331,"post_id":289654,"name":"Trisha Sethi","email":"sethi_trisha@wilkinson.example","body":"Non alias eos."},{"id":195330,"post_id":289653,"name":"Saroja Nayar","email":"saroja_nayar@marquardt.example","body":"Dolores nulla voluptatem. Debitis eos qui. Vitae consequatur error."},{"id":195328,"post_id":289651,"name":"Garuda Ganaka","email":"ganaka_garuda@cremin.test","body":"Adipisci non voluptatibus."},{"id":195327,"post_id":289650,"name":"Bhushit Acharya","email":"bhushit_acharya@dickens.example","body":"Reprehenderit laudantium officiis. Sequi mollitia in. Repellendus vero in. Quia delectus dolorem."},{"id":195326,"post_id":289650,"name":"Amb. Dipendra Guneta","email":"guneta_amb_dipendra@frami.test","body":"Eum eos eos. Ut quia occaecati."},{"id":195325,"post_id":289646,"name":"Eekalabya Prajapat","email":"eekalabya_prajapat@stamm.example","body":"Illum voluptatem reprehenderit."}]

11:01:08.182 [pool-2-thread-3] INFO  com.intuit.karate - karate.env system property was: null 
11:01:08.186 [pool-2-thread-1] INFO  com.intuit.karate - karate.env system property was: null 
11:01:08.257 [pool-2-thread-4] DEBUG com.intuit.karate - request:
2 > GET https://gorest.co.in/public/v2/users/8593467
2 > Authorization: Bearer 587af75efde5f56f7b05bdf01877ca04490016ec9ffc5611020013e2f46df5e1
2 > Host: gorest.co.in
2 > Connection: Keep-Alive
2 > User-Agent: Apache-HttpClient/4.5.14 (Java/21.0.11)
2 > Accept-Encoding: gzip,deflate


11:01:08.301 [pool-2-thread-3] DEBUG com.intuit.karate - request:
1 > POST https://gorest.co.in/public/v2/users
1 > Accept: application/json
1 > Content-Type: application/json; charset=UTF-8
1 > Authorization: Bearer 587af75efde5f56f7b05bdf01877ca04490016ec9ffc5611020013e2f46df5e1
1 > Content-Length: 86
1 > Host: gorest.co.in
1 > Connection: Keep-Alive
1 > User-Agent: Apache-HttpClient/4.5.14 (Java/21.0.11)
1 > Accept-Encoding: gzip,deflate
{"gender":"male","status":"active","name":"Gilberte Purdy","email":"melina8@test.com"}

11:01:08.323 [pool-2-thread-1] DEBUG com.intuit.karate - request:
1 > POST https://gorest.co.in/public/v2/users
1 > Accept: application/json
1 > Content-Type: application/json; charset=UTF-8
1 > Authorization: Bearer 587af75efde5f56f7b05bdf01877ca04490016ec9ffc5611020013e2f46df5e1
1 > Content-Length: 93
1 > Host: gorest.co.in
1 > Connection: Keep-Alive
1 > User-Agent: Apache-HttpClient/4.5.14 (Java/21.0.11)
1 > Accept-Encoding: gzip,deflate
{"gender":"male","status":"active","name":"Annamarie Cummerata","email":"gustavo34@test.com"}

11:01:09.364 [pool-3-thread-1] INFO  com.intuit.karate.Suite - <<pass>> feature 1 of 3 (2 remaining) classpath:examples/gorest/comments.feature
11:01:09.534 [pool-2-thread-2] DEBUG com.intuit.karate - response time in milliseconds: 3227
1 < 200
1 < Date: Wed, 26 Aug 2026 15:01:06 GMT
1 < Content-Type: application/json; charset=utf-8
1 < Transfer-Encoding: chunked
1 < Connection: keep-alive
1 < Cache-Control: max-age=0, private, must-revalidate
1 < content-security-policy-report-only: default-src 'self'; script-src 'self' https://pagead2.googlesyndication.com 'nonce-6lrImBYxgabNh78rpzHKiQ=='; style-src 'self' 'unsafe-inline' https://fonts.googleapis.com; img-src 'self' data: https:; font-src 'self' https://fonts.gstatic.com; connect-src 'self' https://pagead2.googlesyndication.com https://ep1.adtrafficquality.google; frame-src https://googleads.g.doubleclick.net https://ep2.adtrafficquality.google https://www.google.com; object-src 'none'; frame-ancestors 'none'; base-uri 'self'; form-action 'self'
1 < etag: W/"892143537828a6dfcf8d966e4784d634"
1 < feature-policy: camera 'none'; gyroscope 'none'; microphone 'none'; usb 'none'; fullscreen 'self'
1 < referrer-policy: strict-origin-when-cross-origin
1 < strict-transport-security: max-age=63072000; includeSubDomains
1 < vary: Origin
1 < x-content-type-options: nosniff
1 < x-frame-options: SAMEORIGIN
1 < x-links-current: https://gorest.co.in/public/v2/posts?page=1
1 < x-links-next: https://gorest.co.in/public/v2/posts?page=2
1 < x-links-previous: 
1 < x-pagination-limit: 10
1 < x-pagination-page: 1
1 < x-pagination-pages: 301
1 < x-pagination-total: 3007
1 < x-permitted-cross-domain-policies: none
1 < x-ratelimit-limit: 300
1 < x-ratelimit-remaining: 297
1 < x-ratelimit-reset: 0
1 < x-request-id: 5718d381-2fab-4678-8fd2-7c49dbeb1e68
1 < x-runtime: 0.091059
1 < x-xss-protection: 0
1 < Nel: {"report_to":"cf-nel","success_fraction":0.0,"max_age":604800}
1 < cf-cache-status: DYNAMIC
1 < Report-To: {"group":"cf-nel","max_age":604800,"endpoints":[{"url":"https://a.nel.cloudflare.com/report/v4?s=uhfSi14IcrZSnrZ2rWJI70RVdpQ5IQ%2BSuqn6wBZIdpme64SlVV1WQRzzvuROp2kuOOMzMCa7omPig8fGIv7Usqfe%2FPuZzDHV2%2BeGw%2BOoapLjD%2Bl1Vy3ZUdc2QNjivCU%3D"}]}
1 < Server: cloudflare
1 < CF-RAY: a313b5b6c803502c-GRU
1 < alt-svc: h3=":443"; ma=86400
[{"id":289673,"user_id":8593333,"title":"Fuga ater cerno texo ocer.","body":"Canonicus eaque certe. Degero adulescens stella. Alveus corrigo congregatio. Autem basium cinis. Appono molestias totus. Ab quam copiose. Explicabo venio caelum. Aut undique speculum. Tantillus abstergo accusator. Anser somnus varietas. Vere cruciamentum volo."},{"id":289669,"user_id":8593328,"title":"In admoneo adsuesco ventosus subnecto amaritudo tolero delibero.","body":"Asperiores ut bos. Bene verumtamen armarium. Vado totam pel. Cibo toties averto. Textilis toties creber. Conitor vita cibo. Vero tenuis talis. Eos verecundia coerceo. Abeo compello copia. Comparo pauci sint. Confugo qui universe."},{"id":289666,"user_id":8593323,"title":"Vero temperantia repudiandae admoneo vinculum denuo tamen adultus.","body":"Attollo absorbeo aestas. Nemo statim non. Correptius et tabula. Commodi deprecator templum. Vae ratione cibo. Excepturi pariatur solum. Arguo venio vorago. Nihil ipsam utroque. Sit clementia thermae. Modi vinculum denique. Atqui est coruscus. Agnitio absconditus asper. Ver cohors bos. Tolero auris decumbo. Quis cunabula debeo. Tergum ab pel. Suppono tenetur ceno. Tricesimus usque apto. Adulatio tego deleo."},{"id":289661,"user_id":8593320,"title":"Vicissitudo tepesco arx trans tergo suggero spoliatio.","body":"Calamitas casso culpa. Animi velut careo. Verumtamen cunctatio suscipio. Labore adsuesco deleo. Est conor voco. Veniam crustulum suppono. Sollers vilitas aduro. Nihil advoco ara. Pecco terreo tamisium. Sum spiritus comis. Vicissitudo conicio capillus. Amaritudo sto delectus. Tamdiu tabernus rerum."},{"id":289660,"user_id":8593319,"title":"Calco aspicio celo abduco cruciamentum somniculosus decor acquiro adulescens.","body":"Solus aufero desino. Iusto culpa delectus. Verbum ea dignissimos. Aduro id asporto. Porro auctor consequatur. Autem molestiae vaco. Peior in adsidue. Tenus vulariter depulso. Corona dicta degero. Volva tres suscipio. Adduco dignissimos vero. Molestias aetas iure. Aegre suasoria absque. Statim qui asper. Blandior bestia chirographum. Cohaero tantillus suggero. Utrum autem deficio. Spes vinum defungo."},{"id":289659,"user_id":8593319,"title":"Spectaculum adfero collum vulnero blanditiis harum carbo tactus apud.","body":"Animi suadeo tibi. Ascit currus commodo. Suscipit et arcesso. Callide dedecor vultuosus. Provident sunt vero. Quo apostolus denique. Et dedecor demonstro. Angulus quas excepturi. Crur arbitro sufficio. Commodi atqui aranea. Ventus debilito vir. Curso debilito agnosco. Somniculosus caveo denego. Modi desidero tabesco. Delibero sordeo cruciamentum."},{"id":289656,"user_id":8593316,"title":"Verus vinitor unde vomer compello impedit a ultio.","body":"Vel audeo cum. Civitas vallum decor. Avarus rerum thalassinus. Cunctatio utpote curiositas. Summisse atrox terra. Triduana tum deduco. Defigo audax sono. Cupio turbo angulus. Viscus aliquam benigne. Sed asper adulescens. Sunt vulgaris animus. Abduco sto tracto."},{"id":289654,"user_id":8593314,"title":"In coma fuga surculus creator aedificium cohibeo trado vilitas.","body":"Autem cicuta aspernatur. Vitiosus torqueo asperiores. Umerus sumptus statim. Causa ustulo advoco. Aetas considero rerum. Sollers aequus corrupti. Terminatio voro ater. Deprecator debeo comburo. Fugiat tricesimus adficio. Cenaculum versus ut. Cras temperantia ulterius. Aut condico adamo. Temeritas defaeco synagoga. Vesco delectatio terga. Valens cruentus decens."},{"id":289652,"user_id":8593311,"title":"Deinde adopto certo vulticulus cattus ipsum rerum optio.","body":"Vaco tero adulatio. Defluo curso cogo. Desparatus deputo et. Absens sono tempora. Dolor vesper spero. Optio cresco adfectus. Ulterius aufero voluptatem. Pauci voluptatem tergiversatio. Adulatio caput vobis. Tabesco triginta vilis."},{"id":289651,"user_id":8593310,"title":"Culpo talis audeo sopor brevis sodalitas.","body":"Volva tergiversatio villa. Solvo temperantia debilito. Atrocitas qui tyrannus. Charisma acerbitas cursim. Aliquam civitas taceo. Esse demergo creber. Comminor voveo clam. Volva theologus ceno. Vulgo similique sed. Acidus ante adipisci. Spoliatio curvus circumvenio."}]

11:01:09.769 [pool-2-thread-3] DEBUG com.intuit.karate - response time in milliseconds: 1466
1 < 201
1 < Date: Wed, 26 Aug 2026 15:01:08 GMT
1 < Content-Type: application/json; charset=utf-8
1 < Content-Length: 99
1 < Connection: keep-alive
1 < Cache-Control: max-age=0, private, must-revalidate
1 < content-security-policy-report-only: default-src 'self'; script-src 'self' https://pagead2.googlesyndication.com 'nonce-SI0F838yAHXm4i3secShVg=='; style-src 'self' 'unsafe-inline' https://fonts.googleapis.com; img-src 'self' data: https:; font-src 'self' https://fonts.gstatic.com; connect-src 'self' https://pagead2.googlesyndication.com https://ep1.adtrafficquality.google; frame-src https://googleads.g.doubleclick.net https://ep2.adtrafficquality.google https://www.google.com; object-src 'none'; frame-ancestors 'none'; base-uri 'self'; form-action 'self'
1 < etag: W/"0b05c41074190240f7197bd61be63ed7"
1 < feature-policy: camera 'none'; gyroscope 'none'; microphone 'none'; usb 'none'; fullscreen 'self'
1 < location: https://gorest.co.in/public/v2/users/8593469
1 < referrer-policy: strict-origin-when-cross-origin
1 < strict-transport-security: max-age=63072000; includeSubDomains
1 < vary: Origin
1 < x-content-type-options: nosniff
1 < x-frame-options: SAMEORIGIN
1 < x-permitted-cross-domain-policies: none
1 < x-ratelimit-limit: 300
1 < x-ratelimit-remaining: 299
1 < x-ratelimit-reset: 0
1 < x-request-id: ecc7d0b2-882b-48e4-9bdd-60ac2d440fe6
1 < x-runtime: 0.044974
1 < x-xss-protection: 0
1 < Nel: {"report_to":"cf-nel","success_fraction":0.0,"max_age":604800}
1 < cf-cache-status: DYNAMIC
1 < Report-To: {"group":"cf-nel","max_age":604800,"endpoints":[{"url":"https://a.nel.cloudflare.com/report/v4?s=euNdURvP9N%2Bot%2BsMFgqFC91YgODdpz%2BI8n8sgWwbof9J6g3eI0gzALNY83VN5oTYxq3g%2B8%2BsbbvTVWkWvji2lgELjSvr5zzI%2FD%2B69iBgBzvW5bWtGWIwwYAYYpIovAE%3D"}]}
1 < Server: cloudflare
1 < CF-RAY: a313b5c1adf5630c-GRU
1 < alt-svc: h3=":443"; ma=86400
{"id":8593469,"name":"Gilberte Purdy","email":"melina8@test.com","gender":"male","status":"active"}

11:01:09.783 [pool-2-thread-3] DEBUG com.intuit.karate - request:
2 > PUT https://gorest.co.in/public/v2/users/8593469
2 > Authorization: Bearer 587af75efde5f56f7b05bdf01877ca04490016ec9ffc5611020013e2f46df5e1
2 > Host: gorest.co.in
2 > Connection: Keep-Alive
2 > User-Agent: Apache-HttpClient/4.5.14 (Java/21.0.11)
2 > Accept-Encoding: gzip,deflate


11:01:09.880 [pool-3-thread-1] INFO  com.intuit.karate.Suite - <<pass>> feature 2 of 3 (1 remaining) classpath:examples/gorest/posts.feature
11:01:09.973 [pool-2-thread-5] DEBUG com.intuit.karate - response time in milliseconds: 3645
1 < 201
1 < Date: Wed, 26 Aug 2026 15:01:08 GMT
1 < Content-Type: application/json; charset=utf-8
1 < Content-Length: 105
1 < Connection: keep-alive
1 < Cache-Control: max-age=0, private, must-revalidate
1 < content-security-policy-report-only: default-src 'self'; script-src 'self' https://pagead2.googlesyndication.com 'nonce-eiRwxWXjXZTgWFil2qUd5Q=='; style-src 'self' 'unsafe-inline' https://fonts.googleapis.com; img-src 'self' data: https:; font-src 'self' https://fonts.gstatic.com; connect-src 'self' https://pagead2.googlesyndication.com https://ep1.adtrafficquality.google; frame-src https://googleads.g.doubleclick.net https://ep2.adtrafficquality.google https://www.google.com; object-src 'none'; frame-ancestors 'none'; base-uri 'self'; form-action 'self'
1 < etag: W/"a7c3714b1308b71abfa60ee31d1f7fb0"
1 < feature-policy: camera 'none'; gyroscope 'none'; microphone 'none'; usb 'none'; fullscreen 'self'
1 < location: https://gorest.co.in/public/v2/users/8593470
1 < referrer-policy: strict-origin-when-cross-origin
1 < strict-transport-security: max-age=63072000; includeSubDomains
1 < vary: Origin
1 < x-content-type-options: nosniff
1 < x-frame-options: SAMEORIGIN
1 < x-permitted-cross-domain-policies: none
1 < x-ratelimit-limit: 300
1 < x-ratelimit-remaining: 298
1 < x-ratelimit-reset: 0
1 < x-request-id: f3813c76-6c77-44f7-b5be-c1cce44ce2f7
1 < x-runtime: 0.043284
1 < x-xss-protection: 0
1 < Nel: {"report_to":"cf-nel","success_fraction":0.0,"max_age":604800}
1 < cf-cache-status: DYNAMIC
1 < Report-To: {"group":"cf-nel","max_age":604800,"endpoints":[{"url":"https://a.nel.cloudflare.com/report/v4?s=S1kEe%2Bt1fIziGHtAO6te8Z27pNceCj4jP%2Fq3UuktZcJ3cnGdUiZT3%2BTlGB62K0mji7CteI0CTM4f08DQDNzUl3%2B1BaDtYlHrOuCOZGr2DQQIWqHLoHlm1ZiCJIp7c2o%3D"}]}
1 < Server: cloudflare
1 < CF-RAY: a313b5b6cfbeccfb-GRU
1 < alt-svc: h3=":443"; ma=86400
{"id":8593470,"name":"Roderick Prosacco","email":"prudence58@test.com","gender":"male","status":"active"}

11:01:10.350 [pool-2-thread-1] DEBUG com.intuit.karate - response time in milliseconds: 2025
1 < 201
1 < Date: Wed, 26 Aug 2026 15:01:07 GMT
1 < Content-Type: application/json; charset=utf-8
1 < Content-Length: 106
1 < Connection: keep-alive
1 < Cache-Control: max-age=0, private, must-revalidate
1 < content-security-policy-report-only: default-src 'self'; script-src 'self' https://pagead2.googlesyndication.com 'nonce-awdoFXXgk9rFAP2bW+B3Hg=='; style-src 'self' 'unsafe-inline' https://fonts.googleapis.com; img-src 'self' data: https:; font-src 'self' https://fonts.gstatic.com; connect-src 'self' https://pagead2.googlesyndication.com https://ep1.adtrafficquality.google; frame-src https://googleads.g.doubleclick.net https://ep2.adtrafficquality.google https://www.google.com; object-src 'none'; frame-ancestors 'none'; base-uri 'self'; form-action 'self'
1 < etag: W/"f629f114c198f8e75f86fded46d8ee2b"
1 < feature-policy: camera 'none'; gyroscope 'none'; microphone 'none'; usb 'none'; fullscreen 'self'
1 < location: https://gorest.co.in/public/v2/users/8593468
1 < referrer-policy: strict-origin-when-cross-origin
1 < strict-transport-security: max-age=63072000; includeSubDomains
1 < vary: Origin
1 < x-content-type-options: nosniff
1 < x-frame-options: SAMEORIGIN
1 < x-permitted-cross-domain-policies: none
1 < x-ratelimit-limit: 300
1 < x-ratelimit-remaining: 299
1 < x-ratelimit-reset: 0
1 < x-request-id: 968efc5c-acbd-44d8-b9ef-f03b760d58e4
1 < x-runtime: 0.042807
1 < x-xss-protection: 0
1 < Nel: {"report_to":"cf-nel","success_fraction":0.0,"max_age":604800}
1 < cf-cache-status: DYNAMIC
1 < Report-To: {"group":"cf-nel","max_age":604800,"endpoints":[{"url":"https://a.nel.cloudflare.com/report/v4?s=e9VDPhdjDVECXiKHrAiObsnvuOEV5GfG6PdwotmCt%2Bg47a%2FjgannBgISdr31ye9CYiCWLDM9jRxM2Cf2%2B4nVqpdb%2BstPFdI810%2F7u%2FL8tSeE7JycQN5%2FUURE6ZVwpOs%3D"}]}
1 < Server: cloudflare
1 < CF-RAY: a313b5c1ab574bbe-GRU
1 < alt-svc: h3=":443"; ma=86400
{"id":8593468,"name":"Annamarie Cummerata","email":"gustavo34@test.com","gender":"male","status":"active"}

11:01:10.361 [pool-2-thread-1] DEBUG com.intuit.karate - request:
2 > DELETE https://gorest.co.in/public/v2/users/8593468
2 > Authorization: Bearer 587af75efde5f56f7b05bdf01877ca04490016ec9ffc5611020013e2f46df5e1
2 > Host: gorest.co.in
2 > Connection: Keep-Alive
2 > User-Agent: Apache-HttpClient/4.5.14 (Java/21.0.11)
2 > Accept-Encoding: gzip,deflate


11:01:10.486 [pool-2-thread-3] DEBUG com.intuit.karate - response time in milliseconds: 701
2 < 200
2 < Date: Wed, 26 Aug 2026 15:01:09 GMT
2 < Content-Type: application/json; charset=utf-8
2 < Transfer-Encoding: chunked
2 < Connection: keep-alive
2 < Cache-Control: max-age=0, private, must-revalidate
2 < content-security-policy-report-only: default-src 'self'; script-src 'self' https://pagead2.googlesyndication.com 'nonce-yij1suLVrWW8Sa32+1kMSg=='; style-src 'self' 'unsafe-inline' https://fonts.googleapis.com; img-src 'self' data: https:; font-src 'self' https://fonts.gstatic.com; connect-src 'self' https://pagead2.googlesyndication.com https://ep1.adtrafficquality.google; frame-src https://googleads.g.doubleclick.net https://ep2.adtrafficquality.google https://www.google.com; object-src 'none'; frame-ancestors 'none'; base-uri 'self'; form-action 'self'
2 < etag: W/"0b05c41074190240f7197bd61be63ed7"
2 < feature-policy: camera 'none'; gyroscope 'none'; microphone 'none'; usb 'none'; fullscreen 'self'
2 < referrer-policy: strict-origin-when-cross-origin
2 < strict-transport-security: max-age=63072000; includeSubDomains
2 < vary: Origin
2 < x-content-type-options: nosniff
2 < x-frame-options: SAMEORIGIN
2 < x-permitted-cross-domain-policies: none
2 < x-ratelimit-limit: 300
2 < x-ratelimit-remaining: 299
2 < x-ratelimit-reset: 0
2 < x-request-id: 0df06d70-a138-4014-8641-f70774520152
2 < x-runtime: 0.044885
2 < x-xss-protection: 0
2 < Nel: {"report_to":"cf-nel","success_fraction":0.0,"max_age":604800}
2 < cf-cache-status: DYNAMIC
2 < Server-Timing: cfCacheStatus;desc="DYNAMIC"
2 < Server-Timing: cfEdge;dur=14,cfOrigin;dur=366
2 < Report-To: {"group":"cf-nel","max_age":604800,"endpoints":[{"url":"https://a.nel.cloudflare.com/report/v4?s=g4bCGHqK2c5qS4OjwFehzSW6TPqy2xImvt5RNoS2kKsJj5UsNm5rXg1latmFGBxfTDAvdc0NQJO7RHfqEnAz57B%2FgkvPy18BtWXeujcm0%2BncCkE3NWLH4Ukl%2Fjmvi6Q%3D"}]}
2 < Server: cloudflare
2 < CF-RAY: a313b5c9ecc0d249-GRU
2 < alt-svc: h3=":443"; ma=86400
{"id":8593469,"name":"Gilberte Purdy","email":"melina8@test.com","gender":"male","status":"active"}

11:01:10.586 [pool-2-thread-4] DEBUG com.intuit.karate - response time in milliseconds: 2325
2 < 200
2 < Date: Wed, 26 Aug 2026 15:01:09 GMT
2 < Content-Type: application/json; charset=utf-8
2 < Transfer-Encoding: chunked
2 < Connection: keep-alive
2 < Cache-Control: max-age=0, private, must-revalidate
2 < content-security-policy-report-only: default-src 'self'; script-src 'self' https://pagead2.googlesyndication.com 'nonce-8bAK9eRRdS2nUTG3ebzISg=='; style-src 'self' 'unsafe-inline' https://fonts.googleapis.com; img-src 'self' data: https:; font-src 'self' https://fonts.gstatic.com; connect-src 'self' https://pagead2.googlesyndication.com https://ep1.adtrafficquality.google; frame-src https://googleads.g.doubleclick.net https://ep2.adtrafficquality.google https://www.google.com; object-src 'none'; frame-ancestors 'none'; base-uri 'self'; form-action 'self'
2 < etag: W/"5eec1b37638ee7fddaaff7ee6a03c45e"
2 < feature-policy: camera 'none'; gyroscope 'none'; microphone 'none'; usb 'none'; fullscreen 'self'
2 < referrer-policy: strict-origin-when-cross-origin
2 < strict-transport-security: max-age=63072000; includeSubDomains
2 < vary: Origin
2 < x-content-type-options: nosniff
2 < x-frame-options: SAMEORIGIN
2 < x-permitted-cross-domain-policies: none
2 < x-ratelimit-limit: 300
2 < x-ratelimit-remaining: 298
2 < x-ratelimit-reset: 0
2 < x-request-id: 3da53b41-e970-419e-8258-27b785d46a9d
2 < x-runtime: 0.041732
2 < x-xss-protection: 0
2 < Nel: {"report_to":"cf-nel","success_fraction":0.0,"max_age":604800}
2 < cf-cache-status: DYNAMIC
2 < Server-Timing: cfCacheStatus;desc="DYNAMIC"
2 < Server-Timing: cfEdge;dur=10,cfOrigin;dur=1971
2 < Report-To: {"group":"cf-nel","max_age":604800,"endpoints":[{"url":"https://a.nel.cloudflare.com/report/v4?s=BX%2F4mPtAk0hQV52QvaofvEbzVdh3C5e1bWEBkNz8R8lPNuuXKo59uabX6j57jYAbBc9DWBedsZqaehiw%2FsmJ0bsW5w33OtgCw5rS9ItZfyBoNnNLYGp41iIy9cYHJY0%3D"}]}
2 < Server: cloudflare
2 < CF-RAY: a313b5c08ef3f2d0-GRU
2 < alt-svc: h3=":443"; ma=86400
{"id":8593467,"name":"Salvatore Ryan","email":"ronny90@test.com","gender":"male","status":"active"}

11:01:11.083 [pool-2-thread-1] DEBUG com.intuit.karate - response time in milliseconds: 721
2 < 204
2 < Date: Wed, 26 Aug 2026 15:01:09 GMT
2 < Connection: keep-alive
2 < Cache-Control: no-cache
2 < content-security-policy-report-only: default-src 'self'; script-src 'self' https://pagead2.googlesyndication.com 'nonce-7ELmV0nSR/7EokH1EgHOSQ=='; style-src 'self' 'unsafe-inline' https://fonts.googleapis.com; img-src 'self' data: https:; font-src 'self' https://fonts.gstatic.com; connect-src 'self' https://pagead2.googlesyndication.com https://ep1.adtrafficquality.google; frame-src https://googleads.g.doubleclick.net https://ep2.adtrafficquality.google https://www.google.com; object-src 'none'; frame-ancestors 'none'; base-uri 'self'; form-action 'self'
2 < feature-policy: camera 'none'; gyroscope 'none'; microphone 'none'; usb 'none'; fullscreen 'self'
2 < referrer-policy: strict-origin-when-cross-origin
2 < strict-transport-security: max-age=63072000; includeSubDomains
2 < vary: Origin
2 < x-content-type-options: nosniff
2 < x-frame-options: SAMEORIGIN
2 < x-permitted-cross-domain-policies: none
2 < x-ratelimit-limit: 300
2 < x-ratelimit-remaining: 298
2 < x-ratelimit-reset: 0
2 < x-request-id: 4299656c-b066-473f-9d93-1a91c1453d5d
2 < x-runtime: 0.073328
2 < x-xss-protection: 0
2 < cf-cache-status: DYNAMIC
2 < Server-Timing: cfCacheStatus;desc="DYNAMIC"
2 < Server-Timing: cfEdge;dur=5,cfOrigin;dur=322
2 < Report-To: {"group":"cf-nel","max_age":604800,"endpoints":[{"url":"https://a.nel.cloudflare.com/report/v4?s=b5VT4fIyJ8G%2BAQw9LZwalOiR5V3tDccHo1Qx%2BIXkv1ffmJfsr4z%2Bzvu2Q0jz7XDFqTyECBIQTRWeod4vAtQ5h%2FD7LFwHJ6d1k0lsyyLs4HyOgN5Ar8Nifruebq%2F346A%3D"}]}
2 < Nel: {"report_to":"cf-nel","success_fraction":0.0,"max_age":604800}
2 < Server: cloudflare
2 < CF-RAY: a313b5cd48dcd8ee-GRU
2 < alt-svc: h3=":443"; ma=86400


11:01:11.616 [pool-3-thread-1] INFO  com.intuit.karate.Suite - <<pass>> feature 3 of 3 (0 remaining) classpath:examples/gorest/users.feature
11:15:01.504 [main] DEBUG com.intuit.karate.Suite - [config] classpath:karate-config.js
11:15:01.512 [main] WARN  com.intuit.karate.Suite - failed to backup existing dir: target\karate-reports
11:15:01.521 [main] DEBUG com.intuit.karate.Suite - waiting for 3 features to complete
11:15:03.540 [pool-2-thread-1] INFO  com.intuit.karate - karate.env system property was: null 
11:15:03.540 [pool-2-thread-5] INFO  com.intuit.karate - karate.env system property was: null 
11:15:03.540 [pool-2-thread-4] INFO  com.intuit.karate - karate.env system property was: null 
11:15:03.540 [pool-2-thread-3] INFO  com.intuit.karate - karate.env system property was: null 
11:15:03.540 [pool-2-thread-2] INFO  com.intuit.karate - karate.env system property was: null 
11:15:04.241 [pool-2-thread-1] DEBUG com.intuit.karate - request:
1 > GET https://gorest.co.in/public/v2/comments
1 > Accept: application/json
1 > Content-Type: application/json
1 > Authorization: Bearer 587af75efde5f56f7b05bdf01877ca04490016ec9ffc5611020013e2f46df5e1
1 > Host: gorest.co.in
1 > Connection: Keep-Alive
1 > User-Agent: Apache-HttpClient/4.5.14 (Java/21.0.11)
1 > Accept-Encoding: gzip,deflate


11:15:04.241 [pool-2-thread-2] DEBUG com.intuit.karate - request:
1 > GET https://gorest.co.in/public/v2/posts
1 > Accept: application/json
1 > Content-Type: application/json
1 > Authorization: Bearer 587af75efde5f56f7b05bdf01877ca04490016ec9ffc5611020013e2f46df5e1
1 > Host: gorest.co.in
1 > Connection: Keep-Alive
1 > User-Agent: Apache-HttpClient/4.5.14 (Java/21.0.11)
1 > Accept-Encoding: gzip,deflate


11:15:04.241 [pool-2-thread-4] DEBUG com.intuit.karate - request:
1 > POST https://gorest.co.in/public/v2/users
1 > Accept: application/json
1 > Content-Type: application/json; charset=UTF-8
1 > Authorization: Bearer 587af75efde5f56f7b05bdf01877ca04490016ec9ffc5611020013e2f46df5e1
1 > Content-Length: 86
1 > Host: gorest.co.in
1 > Connection: Keep-Alive
1 > User-Agent: Apache-HttpClient/4.5.14 (Java/21.0.11)
1 > Accept-Encoding: gzip,deflate
{"gender":"male","status":"active","name":"Charlena Frami","email":"raymon3@test.com"}

11:15:04.241 [pool-2-thread-5] DEBUG com.intuit.karate - request:
1 > POST https://gorest.co.in/public/v2/users
1 > Accept: application/json
1 > Content-Type: application/json; charset=UTF-8
1 > Authorization: Bearer 587af75efde5f56f7b05bdf01877ca04490016ec9ffc5611020013e2f46df5e1
1 > Content-Length: 82
1 > Host: gorest.co.in
1 > Connection: Keep-Alive
1 > User-Agent: Apache-HttpClient/4.5.14 (Java/21.0.11)
1 > Accept-Encoding: gzip,deflate
{"gender":"male","status":"active","name":"Justin Upton","email":"noel0@test.com"}

11:15:04.241 [pool-2-thread-3] DEBUG com.intuit.karate - request:
1 > GET https://gorest.co.in/public/v2/users
1 > Accept: application/json
1 > Content-Type: application/json
1 > Authorization: Bearer 587af75efde5f56f7b05bdf01877ca04490016ec9ffc5611020013e2f46df5e1
1 > Host: gorest.co.in
1 > Connection: Keep-Alive
1 > User-Agent: Apache-HttpClient/4.5.14 (Java/21.0.11)
1 > Accept-Encoding: gzip,deflate


11:15:06.473 [pool-2-thread-1] DEBUG com.intuit.karate - response time in milliseconds: 2220
1 < 200
1 < Date: Wed, 26 Aug 2026 15:15:04 GMT
1 < Content-Type: application/json; charset=utf-8
1 < Transfer-Encoding: chunked
1 < Connection: keep-alive
1 < Cache-Control: max-age=0, private, must-revalidate
1 < content-security-policy-report-only: default-src 'self'; script-src 'self' https://pagead2.googlesyndication.com 'nonce-PatcoZs5urmZfQ6+7in6fQ=='; style-src 'self' 'unsafe-inline' https://fonts.googleapis.com; img-src 'self' data: https:; font-src 'self' https://fonts.gstatic.com; connect-src 'self' https://pagead2.googlesyndication.com https://ep1.adtrafficquality.google; frame-src https://googleads.g.doubleclick.net https://ep2.adtrafficquality.google https://www.google.com; object-src 'none'; frame-ancestors 'none'; base-uri 'self'; form-action 'self'
1 < etag: W/"5d156870401d382847ee5923e855410c"
1 < feature-policy: camera 'none'; gyroscope 'none'; microphone 'none'; usb 'none'; fullscreen 'self'
1 < referrer-policy: strict-origin-when-cross-origin
1 < strict-transport-security: max-age=63072000; includeSubDomains
1 < vary: Origin
1 < x-content-type-options: nosniff
1 < x-frame-options: SAMEORIGIN
1 < x-links-current: https://gorest.co.in/public/v2/comments?page=1
1 < x-links-next: https://gorest.co.in/public/v2/comments?page=2
1 < x-links-previous: 
1 < x-pagination-limit: 10
1 < x-pagination-page: 1
1 < x-pagination-pages: 294
1 < x-pagination-total: 2935
1 < x-permitted-cross-domain-policies: none
1 < x-ratelimit-limit: 300
1 < x-ratelimit-remaining: 299
1 < x-ratelimit-reset: 0
1 < x-request-id: 5aed55ab-5a45-41e9-8b63-63d69657563b
1 < x-runtime: 0.069709
1 < x-xss-protection: 0
1 < Nel: {"report_to":"cf-nel","success_fraction":0.0,"max_age":604800}
1 < cf-cache-status: DYNAMIC
1 < Report-To: {"group":"cf-nel","max_age":604800,"endpoints":[{"url":"https://a.nel.cloudflare.com/report/v4?s=ASlncXewjnpY86PysaKqAxsSJ8kaV9iXhBxMfl2H4Wi%2FuMRm2ISOouMXKs92P1M02OWCjat8pxrXfx%2BVeMTIV5NcJYFYMe6rF6o9juyVOsMxiW2pa4aikKhi8zw%2FXrw%3D"}]}
1 < Server: cloudflare
1 < CF-RAY: a313ca2ecf79a6ba-GRU
1 < alt-svc: h3=":443"; ma=86400
[{"id":195349,"post_id":289667,"name":"Vasundhara Bhat","email":"bhat_vasundhara@heathcote.example","body":"Quam velit dolore. Architecto consequatur et. Totam ut inventore. Facilis maxime est."},{"id":195348,"post_id":289667,"name":"Rev. Chaaruchandra Mehra","email":"mehra_chaaruchandra_rev@greenfelder-lueilwitz.example","body":"Eius dolores laboriosam. Perferendis aut minus. Possimus distinctio eum."},{"id":195345,"post_id":289661,"name":"Jagathi Khanna","email":"khanna_jagathi@nolan.example","body":"Perferendis suscipit laboriosam."},{"id":195331,"post_id":289654,"name":"Trisha Sethi","email":"sethi_trisha@wilkinson.example","body":"Non alias eos."},{"id":195330,"post_id":289653,"name":"Saroja Nayar","email":"saroja_nayar@marquardt.example","body":"Dolores nulla voluptatem. Debitis eos qui. Vitae consequatur error."},{"id":195328,"post_id":289651,"name":"Garuda Ganaka","email":"ganaka_garuda@cremin.test","body":"Adipisci non voluptatibus."},{"id":195327,"post_id":289650,"name":"Bhushit Acharya","email":"bhushit_acharya@dickens.example","body":"Reprehenderit laudantium officiis. Sequi mollitia in. Repellendus vero in. Quia delectus dolorem."},{"id":195326,"post_id":289650,"name":"Amb. Dipendra Guneta","email":"guneta_amb_dipendra@frami.test","body":"Eum eos eos. Ut quia occaecati."},{"id":195325,"post_id":289646,"name":"Eekalabya Prajapat","email":"eekalabya_prajapat@stamm.example","body":"Illum voluptatem reprehenderit."},{"id":195324,"post_id":289645,"name":"Ghanshyam Varman","email":"ghanshyam_varman@langosh.test","body":"Minima dolore voluptatem. Quia aut omnis. Ea quasi excepturi."}]

11:15:06.477 [pool-2-thread-3] DEBUG com.intuit.karate - response time in milliseconds: 2234
1 < 200
1 < Date: Wed, 26 Aug 2026 15:15:05 GMT
1 < Content-Type: application/json; charset=utf-8
1 < Transfer-Encoding: chunked
1 < Connection: keep-alive
1 < Cache-Control: max-age=0, private, must-revalidate
1 < content-security-policy-report-only: default-src 'self'; script-src 'self' https://pagead2.googlesyndication.com 'nonce-GwyPpRXuKikzWMlE0inyFA=='; style-src 'self' 'unsafe-inline' https://fonts.googleapis.com; img-src 'self' data: https:; font-src 'self' https://fonts.gstatic.com; connect-src 'self' https://pagead2.googlesyndication.com https://ep1.adtrafficquality.google; frame-src https://googleads.g.doubleclick.net https://ep2.adtrafficquality.google https://www.google.com; object-src 'none'; frame-ancestors 'none'; base-uri 'self'; form-action 'self'
1 < etag: W/"386a7d33ed36f11ed76f62ce6c233dcb"
1 < feature-policy: camera 'none'; gyroscope 'none'; microphone 'none'; usb 'none'; fullscreen 'self'
1 < referrer-policy: strict-origin-when-cross-origin
1 < strict-transport-security: max-age=63072000; includeSubDomains
1 < vary: Origin
1 < x-content-type-options: nosniff
1 < x-frame-options: SAMEORIGIN
1 < x-links-current: https://gorest.co.in/public/v2/users?page=1
1 < x-links-next: https://gorest.co.in/public/v2/users?page=2
1 < x-links-previous: 
1 < x-pagination-limit: 10
1 < x-pagination-page: 1
1 < x-pagination-pages: 298
1 < x-pagination-total: 2979
1 < x-permitted-cross-domain-policies: none
1 < x-ratelimit-limit: 300
1 < x-ratelimit-remaining: 299
1 < x-ratelimit-reset: 0
1 < x-request-id: e23b78bd-e3f5-4664-adb2-92fe218c7a20
1 < x-runtime: 0.254087
1 < x-xss-protection: 0
1 < Nel: {"report_to":"cf-nel","success_fraction":0.0,"max_age":604800}
1 < cf-cache-status: DYNAMIC
1 < Report-To: {"group":"cf-nel","max_age":604800,"endpoints":[{"url":"https://a.nel.cloudflare.com/report/v4?s=9DJ6oD6s4HVpLJvwZ8QeQPhyC12P7O94XJRNqON1EQ2orqmHjxdktJdTulAfjNzDZNuwZhvx4Xvz3iJt8LcCp2483IyLiLlR2RCM8CL2rYpGul4Id%2Bt36uKB6BiZ0Yk%3D"}]}
1 < Server: cloudflare
1 < CF-RAY: a313ca2ebd5f5530-GRU
1 < alt-svc: h3=":443"; ma=86400
[{"id":8593470,"name":"Roderick Prosacco","email":"prudence58@test.com","gender":"male","status":"active"},{"id":8593469,"name":"Gilberte Purdy","email":"melina8@test.com","gender":"male","status":"active"},{"id":8593467,"name":"Salvatore Ryan","email":"ronny90@test.com","gender":"male","status":"active"},{"id":8593463,"name":"Donnie Hansen","email":"jason71@test.com","gender":"male","status":"active"},{"id":8593462,"name":"Porter Hauck","email":"booker81@test.com","gender":"male","status":"active"},{"id":8593461,"name":"Alec Sauer","email":"alaina97@test.com","gender":"male","status":"active"},{"id":8593445,"name":"Ruthie Padberg","email":"olevia32@test.com","gender":"male","status":"active"},{"id":8593444,"name":"Aleen Cummings","email":"zora78@test.com","gender":"male","status":"active"},{"id":8593443,"name":"Jamal Paucek","email":"jules14@test.com","gender":"male","status":"active"},{"id":8593437,"name":"Shawnta Schimmel","email":"nathaniel84@test.com","gender":"male","status":"active"}]

11:15:06.501 [pool-2-thread-1] INFO  com.intuit.karate - karate.env system property was: null 
11:15:06.501 [pool-2-thread-3] INFO  com.intuit.karate - karate.env system property was: null 
11:15:06.626 [pool-2-thread-1] DEBUG com.intuit.karate - request:
1 > POST https://gorest.co.in/public/v2/users
1 > Accept: application/json
1 > Content-Type: application/json; charset=UTF-8
1 > Authorization: Bearer 587af75efde5f56f7b05bdf01877ca04490016ec9ffc5611020013e2f46df5e1
1 > Content-Length: 88
1 > Host: gorest.co.in
1 > Connection: Keep-Alive
1 > User-Agent: Apache-HttpClient/4.5.14 (Java/21.0.11)
1 > Accept-Encoding: gzip,deflate
{"gender":"male","status":"active","name":"Morgan Hermann","email":"jaleesa47@test.com"}

11:15:06.634 [pool-2-thread-3] DEBUG com.intuit.karate - request:
1 > POST https://gorest.co.in/public/v2/users
1 > Accept: application/json
1 > Content-Type: application/json; charset=UTF-8
1 > Authorization: Bearer 587af75efde5f56f7b05bdf01877ca04490016ec9ffc5611020013e2f46df5e1
1 > Content-Length: 87
1 > Host: gorest.co.in
1 > Connection: Keep-Alive
1 > User-Agent: Apache-HttpClient/4.5.14 (Java/21.0.11)
1 > Accept-Encoding: gzip,deflate
{"gender":"male","status":"active","name":"Alonzo Roob","email":"annamaria43@test.com"}

11:15:06.953 [pool-2-thread-5] DEBUG com.intuit.karate - response time in milliseconds: 2709
1 < 201
1 < Date: Wed, 26 Aug 2026 15:15:05 GMT
1 < Content-Type: application/json; charset=utf-8
1 < Content-Length: 95
1 < Connection: keep-alive
1 < Cache-Control: max-age=0, private, must-revalidate
1 < content-security-policy-report-only: default-src 'self'; script-src 'self' https://pagead2.googlesyndication.com 'nonce-+/sYYqMTHi60fvLBiP5leg=='; style-src 'self' 'unsafe-inline' https://fonts.googleapis.com; img-src 'self' data: https:; font-src 'self' https://fonts.gstatic.com; connect-src 'self' https://pagead2.googlesyndication.com https://ep1.adtrafficquality.google; frame-src https://googleads.g.doubleclick.net https://ep2.adtrafficquality.google https://www.google.com; object-src 'none'; frame-ancestors 'none'; base-uri 'self'; form-action 'self'
1 < etag: W/"e3ab44e2cedf5aec5e6f3e56f19671d8"
1 < feature-policy: camera 'none'; gyroscope 'none'; microphone 'none'; usb 'none'; fullscreen 'self'
1 < location: https://gorest.co.in/public/v2/users/8593506
1 < referrer-policy: strict-origin-when-cross-origin
1 < strict-transport-security: max-age=63072000; includeSubDomains
1 < vary: Origin
1 < x-content-type-options: nosniff
1 < x-frame-options: SAMEORIGIN
1 < x-permitted-cross-domain-policies: none
1 < x-ratelimit-limit: 300
1 < x-ratelimit-remaining: 299
1 < x-ratelimit-reset: 0
1 < x-request-id: 0b475176-f90a-46ba-b7fd-e31cb991a27d
1 < x-runtime: 0.072486
1 < x-xss-protection: 0
1 < Nel: {"report_to":"cf-nel","success_fraction":0.0,"max_age":604800}
1 < cf-cache-status: DYNAMIC
1 < Report-To: {"group":"cf-nel","max_age":604800,"endpoints":[{"url":"https://a.nel.cloudflare.com/report/v4?s=1kJyL4LLl6083%2Blgre%2BJoSAjakEhnTZNxJRp2wU%2BdcRZTNUwBDf%2BS5c9M7E1t5nKQ7wVbX4WbJ05U9FbmYQGjU30sU2JyOG%2BFaDxrSO0vwCYwc4Ihm5jNNWjRlGA%2FEk%3D"}]}
1 < Server: cloudflare
1 < CF-RAY: a313ca31fe09f171-GRU
1 < alt-svc: h3=":443"; ma=86400
{"id":8593506,"name":"Justin Upton","email":"noel0@test.com","gender":"male","status":"active"}

11:15:07.443 [pool-2-thread-4] DEBUG com.intuit.karate - response time in milliseconds: 3200
1 < 201
1 < Date: Wed, 26 Aug 2026 15:15:05 GMT
1 < Content-Type: application/json; charset=utf-8
1 < Content-Length: 99
1 < Connection: keep-alive
1 < Cache-Control: max-age=0, private, must-revalidate
1 < content-security-policy-report-only: default-src 'self'; script-src 'self' https://pagead2.googlesyndication.com 'nonce-5HUc+SmePMmMhs8HXotNeQ=='; style-src 'self' 'unsafe-inline' https://fonts.googleapis.com; img-src 'self' data: https:; font-src 'self' https://fonts.gstatic.com; connect-src 'self' https://pagead2.googlesyndication.com https://ep1.adtrafficquality.google; frame-src https://googleads.g.doubleclick.net https://ep2.adtrafficquality.google https://www.google.com; object-src 'none'; frame-ancestors 'none'; base-uri 'self'; form-action 'self'
1 < etag: W/"9b98640bc11180fe4127d0e152f5409f"
1 < feature-policy: camera 'none'; gyroscope 'none'; microphone 'none'; usb 'none'; fullscreen 'self'
1 < location: https://gorest.co.in/public/v2/users/8593507
1 < referrer-policy: strict-origin-when-cross-origin
1 < strict-transport-security: max-age=63072000; includeSubDomains
1 < vary: Origin
1 < x-content-type-options: nosniff
1 < x-frame-options: SAMEORIGIN
1 < x-permitted-cross-domain-policies: none
1 < x-ratelimit-limit: 300
1 < x-ratelimit-remaining: 299
1 < x-ratelimit-reset: 0
1 < x-request-id: bb55bbda-7e56-4404-80f7-085de49535e5
1 < x-runtime: 0.058151
1 < x-xss-protection: 0
1 < Nel: {"report_to":"cf-nel","success_fraction":0.0,"max_age":604800}
1 < cf-cache-status: DYNAMIC
1 < Report-To: {"group":"cf-nel","max_age":604800,"endpoints":[{"url":"https://a.nel.cloudflare.com/report/v4?s=NzX5JNO%2FEusXt3C%2FsAfRv57n%2BdHVCU13LeVtKeke3VZoJ8qBhwZyP7jdeC%2Fic%2BvW3o2RT7c2R%2Fbpxl4uZZGl7bWqGY%2FIDdUKl32kejp0VANZV2e79YoQk4ClMzBAX7g%3D"}]}
1 < Server: cloudflare
1 < CF-RAY: a313ca353b73f53b-GRU
1 < alt-svc: h3=":443"; ma=86400
{"id":8593507,"name":"Charlena Frami","email":"raymon3@test.com","gender":"male","status":"active"}

11:15:07.480 [pool-2-thread-4] DEBUG com.intuit.karate - request:
2 > GET https://gorest.co.in/public/v2/users/8593507
2 > Authorization: Bearer 587af75efde5f56f7b05bdf01877ca04490016ec9ffc5611020013e2f46df5e1
2 > Host: gorest.co.in
2 > Connection: Keep-Alive
2 > User-Agent: Apache-HttpClient/4.5.14 (Java/21.0.11)
2 > Accept-Encoding: gzip,deflate


11:15:07.836 [pool-3-thread-1] INFO  com.intuit.karate.Suite - <<pass>> feature 1 of 3 (2 remaining) classpath:examples/gorest/comments.feature
11:15:09.231 [pool-2-thread-1] DEBUG com.intuit.karate - response time in milliseconds: 2600
1 < 201
1 < Date: Wed, 26 Aug 2026 15:15:06 GMT
1 < Content-Type: application/json; charset=utf-8
1 < Content-Length: 101
1 < Connection: keep-alive
1 < Cache-Control: max-age=0, private, must-revalidate
1 < content-security-policy-report-only: default-src 'self'; script-src 'self' https://pagead2.googlesyndication.com 'nonce-m2v39sHlQGb788hI5W4nrw=='; style-src 'self' 'unsafe-inline' https://fonts.googleapis.com; img-src 'self' data: https:; font-src 'self' https://fonts.gstatic.com; connect-src 'self' https://pagead2.googlesyndication.com https://ep1.adtrafficquality.google; frame-src https://googleads.g.doubleclick.net https://ep2.adtrafficquality.google https://www.google.com; object-src 'none'; frame-ancestors 'none'; base-uri 'self'; form-action 'self'
1 < etag: W/"4bc167dbfc942c83fe010554c4e7a28b"
1 < feature-policy: camera 'none'; gyroscope 'none'; microphone 'none'; usb 'none'; fullscreen 'self'
1 < location: https://gorest.co.in/public/v2/users/8593509
1 < referrer-policy: strict-origin-when-cross-origin
1 < strict-transport-security: max-age=63072000; includeSubDomains
1 < vary: Origin
1 < x-content-type-options: nosniff
1 < x-frame-options: SAMEORIGIN
1 < x-permitted-cross-domain-policies: none
1 < x-ratelimit-limit: 300
1 < x-ratelimit-remaining: 297
1 < x-ratelimit-reset: 0
1 < x-request-id: f659c405-2afd-4fa0-9a09-d75b6e04912d
1 < x-runtime: 0.053577
1 < x-xss-protection: 0
1 < Nel: {"report_to":"cf-nel","success_fraction":0.0,"max_age":604800}
1 < cf-cache-status: DYNAMIC
1 < Report-To: {"group":"cf-nel","max_age":604800,"endpoints":[{"url":"https://a.nel.cloudflare.com/report/v4?s=BXlR1O5t3TaBJYbzNbDcwT0cZ3PeWo%2BPrCZsw7kLnTl1EdD%2BTq3xwfQXiDHDCEBCOAFY7BlXnbF1fCEhYs0o%2BuqRi3boS%2FPHNU7XkGZFf3oQH19nFyCJLm%2BO4srQ3NM%3D"}]}
1 < Server: cloudflare
1 < CF-RAY: a313ca38bc92dfae-GRU
1 < alt-svc: h3=":443"; ma=86400
{"id":8593509,"name":"Morgan Hermann","email":"jaleesa47@test.com","gender":"male","status":"active"}

11:15:09.252 [pool-2-thread-1] DEBUG com.intuit.karate - request:
2 > DELETE https://gorest.co.in/public/v2/users/8593509
2 > Authorization: Bearer 587af75efde5f56f7b05bdf01877ca04490016ec9ffc5611020013e2f46df5e1
2 > Host: gorest.co.in
2 > Connection: Keep-Alive
2 > User-Agent: Apache-HttpClient/4.5.14 (Java/21.0.11)
2 > Accept-Encoding: gzip,deflate


11:15:09.548 [pool-2-thread-3] DEBUG com.intuit.karate - response time in milliseconds: 2910
1 < 201
1 < Date: Wed, 26 Aug 2026 15:15:06 GMT
1 < Content-Type: application/json; charset=utf-8
1 < Content-Length: 100
1 < Connection: keep-alive
1 < Cache-Control: max-age=0, private, must-revalidate
1 < content-security-policy-report-only: default-src 'self'; script-src 'self' https://pagead2.googlesyndication.com 'nonce-WpItBorahVEN/NCRe5UPug=='; style-src 'self' 'unsafe-inline' https://fonts.googleapis.com; img-src 'self' data: https:; font-src 'self' https://fonts.gstatic.com; connect-src 'self' https://pagead2.googlesyndication.com https://ep1.adtrafficquality.google; frame-src https://googleads.g.doubleclick.net https://ep2.adtrafficquality.google https://www.google.com; object-src 'none'; frame-ancestors 'none'; base-uri 'self'; form-action 'self'
1 < etag: W/"f5d2c4aa4d62e8f637cde5723f518523"
1 < feature-policy: camera 'none'; gyroscope 'none'; microphone 'none'; usb 'none'; fullscreen 'self'
1 < location: https://gorest.co.in/public/v2/users/8593508
1 < referrer-policy: strict-origin-when-cross-origin
1 < strict-transport-security: max-age=63072000; includeSubDomains
1 < vary: Origin
1 < x-content-type-options: nosniff
1 < x-frame-options: SAMEORIGIN
1 < x-permitted-cross-domain-policies: none
1 < x-ratelimit-limit: 300
1 < x-ratelimit-remaining: 298
1 < x-ratelimit-reset: 0
1 < x-request-id: 0275ed96-d2b8-442f-859f-922be45bceb9
1 < x-runtime: 0.055266
1 < x-xss-protection: 0
1 < Nel: {"report_to":"cf-nel","success_fraction":0.0,"max_age":604800}
1 < cf-cache-status: DYNAMIC
1 < Report-To: {"group":"cf-nel","max_age":604800,"endpoints":[{"url":"https://a.nel.cloudflare.com/report/v4?s=TgaBQFRM7Iq2DM48WTSHITs2iI%2BhRxzq1Ap%2FsLZZhHTVIcKFfQYhaOHdQfAsOHe%2Fhb0bDA2gqBSLstHS5ClKoe0s1iDVDfZHUb9ciO0k6Y%2FU97n9qYVvwT4rwuc1TLs%3D"}]}
1 < Server: cloudflare
1 < CF-RAY: a313ca38ba897ff0-GRU
1 < alt-svc: h3=":443"; ma=86400
{"id":8593508,"name":"Alonzo Roob","email":"annamaria43@test.com","gender":"male","status":"active"}

11:15:09.562 [pool-2-thread-3] DEBUG com.intuit.karate - request:
2 > PUT https://gorest.co.in/public/v2/users/8593508
2 > Authorization: Bearer 587af75efde5f56f7b05bdf01877ca04490016ec9ffc5611020013e2f46df5e1
2 > Host: gorest.co.in
2 > Connection: Keep-Alive
2 > User-Agent: Apache-HttpClient/4.5.14 (Java/21.0.11)
2 > Accept-Encoding: gzip,deflate


11:15:09.884 [pool-2-thread-2] DEBUG com.intuit.karate - response time in milliseconds: 5639
1 < 200
1 < Date: Wed, 26 Aug 2026 15:15:06 GMT
1 < Content-Type: application/json; charset=utf-8
1 < Transfer-Encoding: chunked
1 < Connection: keep-alive
1 < Cache-Control: max-age=0, private, must-revalidate
1 < content-security-policy-report-only: default-src 'self'; script-src 'self' https://pagead2.googlesyndication.com 'nonce-E7jpNqPiNat5LQ58k+7TsQ=='; style-src 'self' 'unsafe-inline' https://fonts.googleapis.com; img-src 'self' data: https:; font-src 'self' https://fonts.gstatic.com; connect-src 'self' https://pagead2.googlesyndication.com https://ep1.adtrafficquality.google; frame-src https://googleads.g.doubleclick.net https://ep2.adtrafficquality.google https://www.google.com; object-src 'none'; frame-ancestors 'none'; base-uri 'self'; form-action 'self'
1 < etag: W/"892143537828a6dfcf8d966e4784d634"
1 < feature-policy: camera 'none'; gyroscope 'none'; microphone 'none'; usb 'none'; fullscreen 'self'
1 < referrer-policy: strict-origin-when-cross-origin
1 < strict-transport-security: max-age=63072000; includeSubDomains
1 < vary: Origin
1 < x-content-type-options: nosniff
1 < x-frame-options: SAMEORIGIN
1 < x-links-current: https://gorest.co.in/public/v2/posts?page=1
1 < x-links-next: https://gorest.co.in/public/v2/posts?page=2
1 < x-links-previous: 
1 < x-pagination-limit: 10
1 < x-pagination-page: 1
1 < x-pagination-pages: 301
1 < x-pagination-total: 3007
1 < x-permitted-cross-domain-policies: none
1 < x-ratelimit-limit: 300
1 < x-ratelimit-remaining: 298
1 < x-ratelimit-reset: 0
1 < x-request-id: f6caa756-aa10-4dc8-9510-413486522720
1 < x-runtime: 0.042614
1 < x-xss-protection: 0
1 < Nel: {"report_to":"cf-nel","success_fraction":0.0,"max_age":604800}
1 < cf-cache-status: DYNAMIC
1 < Report-To: {"group":"cf-nel","max_age":604800,"endpoints":[{"url":"https://a.nel.cloudflare.com/report/v4?s=lW%2B2%2BgWhN9l1KLW8WLf9A5zFEZ3G7Yxa9FPOCTdyYjB9J9qIM%2BybfkeBz%2FmUBO3N9628mAwGWST8J7i8grTqMYRGO%2FyZqbZOmu6geNpkpupAGirlQifwsQ6XwplC0%2FY%3D"}]}
1 < Server: cloudflare
1 < CF-RAY: a313ca3b5ef900ed-GRU
1 < alt-svc: h3=":443"; ma=86400
[{"id":289673,"user_id":8593333,"title":"Fuga ater cerno texo ocer.","body":"Canonicus eaque certe. Degero adulescens stella. Alveus corrigo congregatio. Autem basium cinis. Appono molestias totus. Ab quam copiose. Explicabo venio caelum. Aut undique speculum. Tantillus abstergo accusator. Anser somnus varietas. Vere cruciamentum volo."},{"id":289669,"user_id":8593328,"title":"In admoneo adsuesco ventosus subnecto amaritudo tolero delibero.","body":"Asperiores ut bos. Bene verumtamen armarium. Vado totam pel. Cibo toties averto. Textilis toties creber. Conitor vita cibo. Vero tenuis talis. Eos verecundia coerceo. Abeo compello copia. Comparo pauci sint. Confugo qui universe."},{"id":289666,"user_id":8593323,"title":"Vero temperantia repudiandae admoneo vinculum denuo tamen adultus.","body":"Attollo absorbeo aestas. Nemo statim non. Correptius et tabula. Commodi deprecator templum. Vae ratione cibo. Excepturi pariatur solum. Arguo venio vorago. Nihil ipsam utroque. Sit clementia thermae. Modi vinculum denique. Atqui est coruscus. Agnitio absconditus asper. Ver cohors bos. Tolero auris decumbo. Quis cunabula debeo. Tergum ab pel. Suppono tenetur ceno. Tricesimus usque apto. Adulatio tego deleo."},{"id":289661,"user_id":8593320,"title":"Vicissitudo tepesco arx trans tergo suggero spoliatio.","body":"Calamitas casso culpa. Animi velut careo. Verumtamen cunctatio suscipio. Labore adsuesco deleo. Est conor voco. Veniam crustulum suppono. Sollers vilitas aduro. Nihil advoco ara. Pecco terreo tamisium. Sum spiritus comis. Vicissitudo conicio capillus. Amaritudo sto delectus. Tamdiu tabernus rerum."},{"id":289660,"user_id":8593319,"title":"Calco aspicio celo abduco cruciamentum somniculosus decor acquiro adulescens.","body":"Solus aufero desino. Iusto culpa delectus. Verbum ea dignissimos. Aduro id asporto. Porro auctor consequatur. Autem molestiae vaco. Peior in adsidue. Tenus vulariter depulso. Corona dicta degero. Volva tres suscipio. Adduco dignissimos vero. Molestias aetas iure. Aegre suasoria absque. Statim qui asper. Blandior bestia chirographum. Cohaero tantillus suggero. Utrum autem deficio. Spes vinum defungo."},{"id":289659,"user_id":8593319,"title":"Spectaculum adfero collum vulnero blanditiis harum carbo tactus apud.","body":"Animi suadeo tibi. Ascit currus commodo. Suscipit et arcesso. Callide dedecor vultuosus. Provident sunt vero. Quo apostolus denique. Et dedecor demonstro. Angulus quas excepturi. Crur arbitro sufficio. Commodi atqui aranea. Ventus debilito vir. Curso debilito agnosco. Somniculosus caveo denego. Modi desidero tabesco. Delibero sordeo cruciamentum."},{"id":289656,"user_id":8593316,"title":"Verus vinitor unde vomer compello impedit a ultio.","body":"Vel audeo cum. Civitas vallum decor. Avarus rerum thalassinus. Cunctatio utpote curiositas. Summisse atrox terra. Triduana tum deduco. Defigo audax sono. Cupio turbo angulus. Viscus aliquam benigne. Sed asper adulescens. Sunt vulgaris animus. Abduco sto tracto."},{"id":289654,"user_id":8593314,"title":"In coma fuga surculus creator aedificium cohibeo trado vilitas.","body":"Autem cicuta aspernatur. Vitiosus torqueo asperiores. Umerus sumptus statim. Causa ustulo advoco. Aetas considero rerum. Sollers aequus corrupti. Terminatio voro ater. Deprecator debeo comburo. Fugiat tricesimus adficio. Cenaculum versus ut. Cras temperantia ulterius. Aut condico adamo. Temeritas defaeco synagoga. Vesco delectatio terga. Valens cruentus decens."},{"id":289652,"user_id":8593311,"title":"Deinde adopto certo vulticulus cattus ipsum rerum optio.","body":"Vaco tero adulatio. Defluo curso cogo. Desparatus deputo et. Absens sono tempora. Dolor vesper spero. Optio cresco adfectus. Ulterius aufero voluptatem. Pauci voluptatem tergiversatio. Adulatio caput vobis. Tabesco triginta vilis."},{"id":289651,"user_id":8593310,"title":"Culpo talis audeo sopor brevis sodalitas.","body":"Volva tergiversatio villa. Solvo temperantia debilito. Atrocitas qui tyrannus. Charisma acerbitas cursim. Aliquam civitas taceo. Esse demergo creber. Comminor voveo clam. Volva theologus ceno. Vulgo similique sed. Acidus ante adipisci. Spoliatio curvus circumvenio."}]

11:15:10.268 [pool-3-thread-1] INFO  com.intuit.karate.Suite - <<pass>> feature 2 of 3 (1 remaining) classpath:examples/gorest/posts.feature
11:15:10.401 [pool-2-thread-1] DEBUG com.intuit.karate - response time in milliseconds: 1148
2 < 204
2 < Date: Wed, 26 Aug 2026 15:15:08 GMT
2 < Connection: keep-alive
2 < Cache-Control: no-cache
2 < content-security-policy-report-only: default-src 'self'; script-src 'self' https://pagead2.googlesyndication.com 'nonce-5PTCNzt0jxa4wrtWZO4p1w=='; style-src 'self' 'unsafe-inline' https://fonts.googleapis.com; img-src 'self' data: https:; font-src 'self' https://fonts.gstatic.com; connect-src 'self' https://pagead2.googlesyndication.com https://ep1.adtrafficquality.google; frame-src https://googleads.g.doubleclick.net https://ep2.adtrafficquality.google https://www.google.com; object-src 'none'; frame-ancestors 'none'; base-uri 'self'; form-action 'self'
2 < feature-policy: camera 'none'; gyroscope 'none'; microphone 'none'; usb 'none'; fullscreen 'self'
2 < referrer-policy: strict-origin-when-cross-origin
2 < strict-transport-security: max-age=63072000; includeSubDomains
2 < vary: Origin
2 < x-content-type-options: nosniff
2 < x-frame-options: SAMEORIGIN
2 < x-permitted-cross-domain-policies: none
2 < x-ratelimit-limit: 300
2 < x-ratelimit-remaining: 299
2 < x-ratelimit-reset: 0
2 < x-request-id: 016afbb5-1b37-4849-bc8b-0a0c82de797b
2 < x-runtime: 0.070266
2 < x-xss-protection: 0
2 < cf-cache-status: DYNAMIC
2 < Server-Timing: cfCacheStatus;desc="DYNAMIC"
2 < Server-Timing: cfEdge;dur=13,cfOrigin;dur=319
2 < Report-To: {"group":"cf-nel","max_age":604800,"endpoints":[{"url":"https://a.nel.cloudflare.com/report/v4?s=lyQji%2BsHzcXFXgLfC1xH%2Bwgnjm%2BQHvSSDrAsiZKlFvB1%2Bor0mJmtCRb8JWEbmo8TDtSKWC%2FesJYvXDkVVxiE3nCDs0GxvmkiYb%2BI2o9%2FuwhIYBjVlzD%2Bj8o9DhM6X6c%3D"}]}
2 < Nel: {"report_to":"cf-nel","success_fraction":0.0,"max_age":604800}
2 < Server: cloudflare
2 < CF-RAY: a313ca4acbb6f1da-GRU
2 < alt-svc: h3=":443"; ma=86400


11:15:11.808 [pool-2-thread-3] DEBUG com.intuit.karate - response time in milliseconds: 2244
2 < 200
2 < Date: Wed, 26 Aug 2026 15:15:10 GMT
2 < Content-Type: application/json; charset=utf-8
2 < Transfer-Encoding: chunked
2 < Connection: keep-alive
2 < Cache-Control: max-age=0, private, must-revalidate
2 < content-security-policy-report-only: default-src 'self'; script-src 'self' https://pagead2.googlesyndication.com 'nonce-t/lorrY/pDTR3aQzp1imDA=='; style-src 'self' 'unsafe-inline' https://fonts.googleapis.com; img-src 'self' data: https:; font-src 'self' https://fonts.gstatic.com; connect-src 'self' https://pagead2.googlesyndication.com https://ep1.adtrafficquality.google; frame-src https://googleads.g.doubleclick.net https://ep2.adtrafficquality.google https://www.google.com; object-src 'none'; frame-ancestors 'none'; base-uri 'self'; form-action 'self'
2 < etag: W/"f5d2c4aa4d62e8f637cde5723f518523"
2 < feature-policy: camera 'none'; gyroscope 'none'; microphone 'none'; usb 'none'; fullscreen 'self'
2 < referrer-policy: strict-origin-when-cross-origin
2 < strict-transport-security: max-age=63072000; includeSubDomains
2 < vary: Origin
2 < x-content-type-options: nosniff
2 < x-frame-options: SAMEORIGIN
2 < x-permitted-cross-domain-policies: none
2 < x-ratelimit-limit: 300
2 < x-ratelimit-remaining: 299
2 < x-ratelimit-reset: 0
2 < x-request-id: 04a002cc-8958-4409-adda-1583cf644776
2 < x-runtime: 0.028937
2 < x-xss-protection: 0
2 < Nel: {"report_to":"cf-nel","success_fraction":0.0,"max_age":604800}
2 < cf-cache-status: DYNAMIC
2 < Server-Timing: cfCacheStatus;desc="DYNAMIC"
2 < Server-Timing: cfEdge;dur=17,cfOrigin;dur=723
2 < Report-To: {"group":"cf-nel","max_age":604800,"endpoints":[{"url":"https://a.nel.cloudflare.com/report/v4?s=Ut7sSLnp9%2Fqi7Q5DNXSpwLHGXdBfBlaRH647as%2BB26wMCcqzyKiNCoAPf%2BXA5dwP9Qx08a0OZOkQ2skFthxKUFMOOHRjTGx7lP%2FNl%2BZDka2CEkDb%2BivadJvZ97HMgFM%3D"}]}
2 < Server: cloudflare
2 < CF-RAY: a313ca516b0601b3-GRU
2 < alt-svc: h3=":443"; ma=86400
{"id":8593508,"name":"Alonzo Roob","email":"annamaria43@test.com","gender":"male","status":"active"}

11:15:14.499 [pool-2-thread-4] DEBUG com.intuit.karate - response time in milliseconds: 5304
2 < 200
2 < Date: Wed, 26 Aug 2026 15:15:11 GMT
2 < Content-Type: application/json; charset=utf-8
2 < Transfer-Encoding: chunked
2 < Connection: keep-alive
2 < Cache-Control: max-age=0, private, must-revalidate
2 < content-security-policy-report-only: default-src 'self'; script-src 'self' https://pagead2.googlesyndication.com 'nonce-M2HuyrKfTBxX2wBO2VCPZw=='; style-src 'self' 'unsafe-inline' https://fonts.googleapis.com; img-src 'self' data: https:; font-src 'self' https://fonts.gstatic.com; connect-src 'self' https://pagead2.googlesyndication.com https://ep1.adtrafficquality.google; frame-src https://googleads.g.doubleclick.net https://ep2.adtrafficquality.google https://www.google.com; object-src 'none'; frame-ancestors 'none'; base-uri 'self'; form-action 'self'
2 < etag: W/"9b98640bc11180fe4127d0e152f5409f"
2 < feature-policy: camera 'none'; gyroscope 'none'; microphone 'none'; usb 'none'; fullscreen 'self'
2 < referrer-policy: strict-origin-when-cross-origin
2 < strict-transport-security: max-age=63072000; includeSubDomains
2 < vary: Origin
2 < x-content-type-options: nosniff
2 < x-frame-options: SAMEORIGIN
2 < x-permitted-cross-domain-policies: none
2 < x-ratelimit-limit: 300
2 < x-ratelimit-remaining: 299
2 < x-ratelimit-reset: 0
2 < x-request-id: 06f3fb02-98df-47f7-925f-8da21b9d6f64
2 < x-runtime: 0.030677
2 < x-xss-protection: 0
2 < Nel: {"report_to":"cf-nel","success_fraction":0.0,"max_age":604800}
2 < cf-cache-status: DYNAMIC
2 < Server-Timing: cfCacheStatus;desc="DYNAMIC"
2 < Server-Timing: cfEdge;dur=17,cfOrigin;dur=728
2 < Report-To: {"group":"cf-nel","max_age":604800,"endpoints":[{"url":"https://a.nel.cloudflare.com/report/v4?s=WFWsh6DN4Ot0q9y%2FkvgWmPzmAp2oSw6fWPAkB9oSZK2pAcpStg5ZDs7wnlNW7dR48JHoih7OhZRLxGm9dcCpbD7CPLIiORyo%2BiKybdO3cxRzhsIfIUTz%2BlTDdeL0iVQ%3D"}]}
2 < Server: cloudflare
2 < CF-RAY: a313ca567cec11fe-GRU
2 < alt-svc: h3=":443"; ma=86400
{"id":8593507,"name":"Charlena Frami","email":"raymon3@test.com","gender":"male","status":"active"}

11:15:15.254 [pool-3-thread-1] INFO  com.intuit.karate.Suite - <<pass>> feature 3 of 3 (0 remaining) classpath:examples/gorest/users.feature
